,Denazificationofukraine,Protectionofrussianspeakers,Natoexpansionthreat,Biolabsconspiracy,Historicalunity,Westernrussophobia,Sanctionsaseconomicwarfare,Legitimizingannexedterritories,Discreditingukraineleadership,Putinsdeath,Russiascollapse,Nordstreampipelinesabotage,Heroicmyths,Optimismstrategy,Notsidingwithukraine,Ukraineagainstnewfascism,Cannonfodder,Truthvsrussianlies
Rank,,,,,,,,,,,,,,,,,,
Rank 1,"ID: 7308 | Chat: https://t.me/Russica2 | Country: Russia | Date: 2025-05-27 | Score: 0.908 | Text: –°–µ–º—å —Ç–µ–∑–∏—Å–æ–≤ –æ –º–∏—Ä–µ
1‚É£ –¢—Ä–∏–¥—Ü–∞—Ç–∏–ª–µ—Ç–Ω—è—è –≤–æ–π–Ω–∞ (1618‚Äì1648) –∑–∞–≤–µ—Ä—à–∏–ª–∞—Å—å –Ω–µ –∫–æ–º–ø—Ä–æ–º–∏—Å—Å–æ–º, –∞ –≤–∑–∞–∏–º–Ω—ã–º –∏—Å—Ç–æ...","ID: 145589 | Chat: https://t.me/treshchat_ulyanovsk | Country: Russia | Date: 2022-10-01 | Score: 0.899 | Text: –ü—Ä–∞–≤–∏—Ç–µ–ª—å—Å—Ç–≤–æ –£–∫—Ä–∞–∏–Ω—ã –Ω–∞ —Ç–µ—Ä—Ä–∏—Ç–æ—Ä–∏–∏ –£–∫—Ä–∞–∏–Ω—ã, –≤–∫–ª—é—á–∞—è –∏—Ö –±—ã–≤—à–∏–µ –Ω–∞—Å–µ–ª—ë–Ω–Ω—ã–µ –ø—É–Ω–∫—Ç—ã, —Å –ø–æ–º–æ—â—å—é –∑–∞–∫–æ–Ω–æ–¥–∞...","ID: 128878 | Chat: https://t.me/nash_lugansk | Country: Russia | Date: 2024-09-30 | Score: 0.906 | Text: –ù–ê–¢–û –≤—Å–µ–≥–¥–∞ —Å—Ç—Ä–µ–º–∏–ª–æ—Å—å –ø–æ–¥–æ–±—Ä–∞—Ç—å—Å—è –∫ —Å–∞–º–∏–º –≥—Ä–∞–Ω–∏—Ü–∞–º –†–æ—Å—Å–∏–∏. –ò –≤ —Ö–æ–¥ —à–ª–∏ –ª—é–±—ã–µ —Å—Ä–µ–¥—Å—Ç–≤–∞. –ö —Å–æ–∂–∞–ª–µ–Ω–∏—é,...","ID: 11742 | Chat: https://t.me/ssigny | Country: Russia | Date: 2022-03-17 | Score: 0.947 | Text: Google –ø—Ä–æ–∏–≥—Ä–∞–ª –∫–∞—Å—Å–∞—Ü–∏—é –ø–æ –∏—Å–∫—É –æ —Ä–∞–∑–±–ª–æ–∫–∏—Ä–æ–≤–∫–µ ¬´–¶–∞—Ä—å–≥—Ä–∞–¥–∞¬ª –Ω–∞ YouTube 

28 –∏—é–ª—è 2020 –≥–æ–¥–∞ YouTube ...","ID: 6058677 | Chat: https://t.me/gulagchat | Country: Russia | Date: 2025-02-18 | Score: 0.901 | Text: –£–∫—Ä–∞–∏–Ω–∞ —ç—Ç–æ –∏—Å–∫–æ–Ω–Ω–æ —Ä—É—Å—Å–∫–∞—è –∑–µ–º–ª—è, –æ–Ω–∞ –Ω–∏–∫–æ–≥–¥–∞ –Ω–µ —è–≤–ª—è–ª–∞—Å—å —Å–∞–º–æ—Å—Ç–æ—è—Ç–µ–ª—å–Ω–æ–π, –æ—Ç–¥–µ–ª—å–Ω–æ–π —Å—Ç—Ä–∞–Ω–æ–π, –∞ —Å –ø...","ID: 100529 | Chat: https://t.me/vorobiev_live_chat | Country: Russia | Date: 2022-12-28 | Score: 0.902 | Text: –í—Å–µ —Å–∏–ª—ã –∑–∞–ø–∞–¥–∞ —Å–µ–π—á–∞—Å –Ω–∞–ø—Ä–∞–≤–ª–µ–Ω—ã –Ω–∞ —Å—Ç—Ä–∞–≤–ª–∏–≤–∞–Ω–∏–µ —Ä—É—Å—Å–∫–∏—Ö –∏ —É–∫—Ä–∞–∏–Ω—Ü–µ–≤. –ü—Ä–æ–≤–æ–∫–∞—Ü–∏–∏, –ø–æ—Å—Ç–æ—è–Ω–Ω—ã–π –ø–æ—Ç–æ–∫ ...","ID: 572671 | Chat: https://t.me/spbtodaychat | Country: Russia | Date: 2024-10-01 | Score: 0.931 | Text: –°–∞–Ω–∫—Ü–∏–∏ —Å–µ–π—á–∞—Å –Ω–∞–æ–±–æ—Ä–æ—Ç –¥–ª—è –Ω–∞—Å —Å—Ç–∞–ª–∏ —à–∞–Ω—Å–æ–º, –≤–æ–∑–º–æ–∂–Ω–æ—Å—Ç—å—é –µ—â–µ —Å–∏–ª—å–Ω–µ–µ —Ä–∞–∑–≤–∏–≤–∞—Ç—å –º–µ—Å—Ç–Ω–æ–µ –ø—Ä–æ–∏–∑–≤–æ–¥—Å—Ç–≤...","ID: 11380 | Chat: https://t.me/wargonzo | Country: Russia | Date: 2023-03-13 | Score: 0.934 | Text: ‚ö°Ô∏è–°–ø–µ—Ü—Ä–µ–ø–æ—Ä—Ç–∞–∂ WG‚ö°Ô∏è–†—É—Å—Å–∫–∏–µ –≤–æ–π—Å–∫–∞ –≥—Ä–æ–º—è—Ç –æ–ø–æ—Ä–Ω–∏–∫–∏ –í–°–£ –≤ –ª–µ—Å–∞—Ö –ø–æ–¥ –ö—Ä–µ–º–µ–Ω–Ω–æ–π‚ö°Ô∏è
 
–£—á–∞—Å—Ç–æ–∫ —Ñ—Ä–æ–Ω—Ç–∞ –ö—Ä–µ–º–µ...","ID: 22549112 | Chat: https://t.me/chatzvz | Country: Russia | Date: 2025-05-09 | Score: 0.908 | Text: 1. –≠—Å–∫–∞–ª–∞—Ü–∏—è –∫–æ–Ω—Ñ–ª–∏–∫—Ç–∞: –ø—Ä–∏ –ó–µ–ª–µ–Ω—Å–∫–æ–º –≤–æ–π–Ω–∞ —Å –†–æ—Å—Å–∏–µ–π –¥–æ—Å—Ç–∏–≥–ª–∞ –ø–æ–ª–Ω–æ–º–∞—Å—à—Ç–∞–±–Ω–æ–≥–æ —É—Ä–æ–≤–Ω—è (2022), –Ω–µ—Å–º–æ...","ID: 33358 | Chat: https://t.me/TCH_channel | Country: Ukraine | Date: 2022-05-29 | Score: 0.928 | Text: –ß–∏ –¥—ñ–π—Å–Ω–æ –ø—Ä–µ–∑–∏–¥–µ–Ω—Ç –†–æ—Å—ñ—ó –í–æ–ª–æ–¥–∏–º–∏—Ä –ü—É—Ç—ñ–Ω —Å–º–µ—Ä—Ç–µ–ª—å–Ω–æ —Ö–≤–æ—Ä–∏–π —ñ —Ö—Ç–æ –π–æ–≥–æ –º–æ–∂–µ –∑–∞–º—ñ–Ω–∏—Ç–∏?

–¢–°–ùua –∑—ñ–±—Ä–∞–≤ ...",ID: 78137 | Chat: https://t.me/huyovy_kharkiv | Country: Ukraine | Date: 2022-09-07 | Score: 0.897 | Text: üá™üá∏ –Ü—Å–ø–∞–Ω—ñ—è –Ω–∞–ø—Ä–∞–≤–∏–ª–∞ –≤ –£–∫—Ä–∞—ó–Ω—É 5 –ª—ñ—Ç–∞–∫—ñ–≤ –∑ –±–æ—î–ø—Ä–∏–ø–∞—Å–∞–º–∏ –¥–ª—è –≤–µ–ª–∏–∫–æ–∫–∞–ª—ñ–±–µ—Ä–Ω–∏—Ö –∞—Ä—Ç–∏–ª–µ—Ä—ñ–π—Å—å–∫–∏—Ö —Å–∏—Å—Ç–µ–º —Ç...,"ID: 48058 | Chat: https://t.me/brovary | Country: Ukraine | Date: 2023-06-13 | Score: 0.913 | Text: –ü—ñ–¥–≥–æ—Ç–æ–≤–∫–æ—é –æ–ø–µ—Ä–∞—Ü—ñ—ó –ø–æ –ø—ñ–¥—Ä–∏–≤—É –ø—ñ–≤–Ω—ñ—á–Ω–∏—Ö –ø–æ—Ç–æ–∫—ñ–≤ –∫–µ—Ä—É–≤–∞–≤ –ó–∞–ª—É–∂–Ω–∏–π, ‚Äì NOS.

–ù—ñ–¥–µ—Ä–ª–∞–Ω–¥—Å—å–∫–∞ —Ä–æ–∑–≤—ñ–¥–∫–∞ –ø...","ID: 89413 | Chat: https://t.me/kievreal1 | Country: Ukraine | Date: 2025-06-04 | Score: 0.898 | Text: –ê –≤–∏ –≤–∂–µ –±–∞—á–∏–ª–∏, —â–æ —É –ö–∏—î–≤—ñ –∑‚Äô—è–≤–∏–ª–∏—Å—è –≤–∏–¥–∞—Ç–Ω—ñ –º–∞—Ä—ñ—É–ø–æ–ª—å—Å—å–∫—ñ –≤—ñ—Ç—Ä–∞–∂—ñ? –¶—ñ –º–æ–Ω—É–º–µ–Ω—Ç–∞–ª—å–Ω—ñ —Ä–æ–±–æ—Ç–∏ –±—É–ª–∏ –∑–Ω...","ID: 154794 | Chat: https://t.me/ukr_2025_ru | Country: Ukraine | Date: 2023-06-15 | Score: 0.888 | Text: –°–µ–≥–æ–¥–Ω—è –£–∫—Ä–∞–∏–Ω–∞ —Å –∏—Å–ø–æ–ª—å–∑–æ–≤–∞–Ω–∏–µ–º —Ü–µ–ª–æ–≥–æ –∞–≥–µ–Ω—Ç—Å—Ç–≤–∞ Reuters —É—Å—Ç—Ä–æ–∏–ª–æ —Å–ª–∏–≤ –ø–æ–±–µ–¥–Ω–æ–π –∏–Ω—Ñ–æ—Ä–º–∞—Ü–∏–∏ –æ —Ç–æ–º, —á...","ID: 157416 | Chat: https://t.me/kyivoperat | Country: Ukraine | Date: 2024-11-01 | Score: 0.902 | Text: –ù–∞ –æ—á–∞—Ö –≤—Å—å–æ–≥–æ —Ü–∏–≤—ñ–ª—ñ–∑–æ–≤–∞–Ω–æ–≥–æ —Å–≤—ñ—Ç—É, –∫—Ä–∞—ó–Ω–∞ –ø—ñ–¥–æ—Ä, –≤–±–∏–≤–∞—î –Ñ–≤—Ä–æ–ø–µ–π—Å—å–∫—É –¥–µ—Ä–∂–∞–≤—É –£–∫—Ä–∞—ó–Ω—É. –°–≤—ñ—Ç –≤–∏—Å–ª–æ–≤–ª—é...","ID: 231490 | Chat: https://t.me/brovary | Country: Ukraine | Date: 2025-02-02 | Score: 0.910 | Text: 4000 –¥–Ω—ñ–≤ —Ç–æ–º—É, 20 –ª—é—Ç–æ–≥–æ 2014 —Ä–æ–∫—É, —Ä–æ—Å—ñ—è —Ä–æ–∑–ø–æ—á–∞–ª–∞ –∑–±—Ä–æ–π–Ω—É –∞–≥—Ä–µ—Å—ñ—é –ø—Ä–æ—Ç–∏ –£–∫—Ä–∞—ó–Ω–∏

–°–ø–µ—Ä—à—É –∞–Ω–µ–∫—Å—É–≤–∞–ª...","ID: 2701 | Chat: https://t.me/bila_tserkva_1 | Country: Ukraine | Date: 2022-03-12 | Score: 0.936 | Text: –í—ñ–¥ –ø–æ—á–∞—Ç–∫—É –±–æ–π–æ–≤–∏—Ö –¥—ñ–π —Ç—Ä–∏–¥—Ü—è—Ç—å –æ–¥–Ω–∞ –±–∞—Ç–∞–ª—å–π–æ–Ω–Ω–æ-—Ç–∞–∫—Ç–∏—á–Ω–∞ –≥—Ä—É–ø–∞ –ø—Ä–æ—Ç–∏–≤–Ω–∏–∫–∞, —â–æ –¥—ñ—è–ª–∞ –Ω–∞ —Ç–µ—Ä–∏—Ç–æ—Ä—ñ—ó –£...","ID: 9815 | Chat: https://t.me/svoiua | Country: Ukraine | Date: 2022-09-04 | Score: 0.929 | Text: ‚ùóÔ∏è–í —Ä–µ–∑—É–ª—å—Ç–∞—Ç–µ –æ–±—Å—Ç—Ä–µ–ª–∞ –ö–∏–µ–≤—Å–∫–æ–≥–æ —Ä–∞–π–æ–Ω–∞ –•–∞—Ä—å–∫–æ–≤–∞ —Å–≥–æ—Ä–µ–ª —Ä–µ—Å—Ç–æ—Ä–∞–Ω–Ω—ã–π –∫–æ–º–ø–ª–µ–∫—Å

‚ñ™Ô∏è–ö–∞–∫ —Å–æ–æ–±—â–∏–ª–∏ –≤ –ì–°–ß–°..."
Rank 2,"ID: 7308 | Chat: https://t.me/ostorozhno_novosti | Country: Russia | Date: 2022-04-05 | Score: 0.908 | Text: –í –°–µ–≤–∞—Å—Ç–æ–ø–æ–ª–µ –∑–∞–¥–µ—Ä–∂–∞–ª–∏ –º–µ—Å—Ç–Ω—ã—Ö –∂–∏—Ç–µ–ª–µ–π, –∫–æ—Ç–æ—Ä—ã—Ö –æ–±–≤–∏–Ω—è—é—Ç –≤ —Ç–æ–º, —á—Ç–æ –æ–Ω–∏ –ø—Ä–æ–∫–∞–ª—ã–≤–∞–ª–∏ —à–∏–Ω—ã –∞–≤—Ç–æ–º–æ–±–∏–ª–µ...",ID: 145589 | Chat: https://t.me/vorobiev_live_chat | Country: Russia | Date: 2023-03-29 | Score: 0.899 | Text: –ó–¥—Ä–∞–≤—Å—Ç–≤—É–π—Ç–µ! –í —Å–≤—è–∑–∏ —Å –∞–∫—Ç–∏–≤–Ω—ã–º —Ç–∞—è–Ω–∏–µ–º —Å–Ω–µ–≥–∞ –æ–±—Å—Ç–∞–Ω–æ–≤–∫–∞ –≤ –∑–æ–Ω–µ –ø—Ä–æ–≤–µ–¥–µ–Ω–∏—è —Å—Ç—Ä–æ–∏—Ç–µ–ª—å–Ω–æ-–º–æ–Ω—Ç–∞–∂–Ω—ã—Ö —Ä–∞...,"ID: 128878 | Chat: https://t.me/zapobedybelgorod | Country: Russia | Date: 2023-06-02 | Score: 0.906 | Text: –í –û–ì–ù–ï

–®–µ–±–µ–∫–∏–Ω–æ –≥–æ—Ä–∏—Ç , –æ–Ω–æ –≤ –æ–≥–Ω–µ ! 
–¢–∞–º –º–∏—Ä–Ω—ã—Ö –±—å—é—Ç , –∫–∞–ª–µ—á–∞—Ç , —É–±–∏–≤–∞—é—Ç ! 
–ù–æ —á—Ç–æ –∑–∞ –¥–µ–ª–æ –≤—Å–µ–π –±–æ...",ID: 11742 | Chat: https://t.me/ostorozhno_novosti | Country: Russia | Date: 2022-10-10 | Score: 0.947 | Text: –ñ–∏–≤—É—â–µ–≥–æ –≤ –ú–æ—Å–∫–≤–µ –∫–∏–µ–≤–ª—è–Ω–∏–Ω–∞ –∞—Ä–µ—Å—Ç–æ–≤–∞–ª–∏ –∑–∞ –ø–æ—Å—Ç –æ—Ç 24 —Ñ–µ–≤—Ä–∞–ª—è –ø—Ä–æ –≤–≤–æ–¥ —Ä–æ—Å—Å–∏–π—Å–∫–∏—Ö –≤–æ–π—Å–∫ –Ω–∞ —Ç–µ—Ä—Ä–∏—Ç–æ—Ä–∏...,ID: 20335625 | Chat: https://t.me/readovchat | Country: Russia | Date: 2025-05-01 | Score: 0.897 | Text: –£–∫—Ä–∞–∏–Ω–∞ –Ω–∞–º –±–ª–∏–∂–µ –ø–æ –∫—Ä–æ–≤–∏ —á–µ–º –ö–∞–≤–∫–∞–∑. –í –°–°–°–† –≤—Å–µ –ø–µ—Ä–µ–∂–µ–Ω–∏–ª–∏—Å—å –∏ –Ω–∞—Ä–æ–∂–∞–ª–∏ —Å–æ–≤–º–µ—Å—Ç–Ω—ã—Ö –¥–µ—Ç–µ–π. –°–µ–π—á–∞—Å –±...,"ID: 186822 | Chat: https://t.me/vorobiev_live_chat | Country: Russia | Date: 2023-06-19 | Score: 0.901 | Text: –î–∞–≤–ª–µ–Ω–∏–µ, –∫–æ—Ç–æ—Ä–æ–µ —Å–µ–π—á–∞—Å –æ–∫–∞–∑—ã–≤–∞–µ—Ç—Å—è –Ω–∞ –Ω–∞—à—É —Å—Ç—Ä–∞–Ω—É, –ø–æ —Å–≤–æ–µ–π —Å–∏–ª–µ –±–µ—Å–ø—Ä–µ—Ü–µ–¥–µ–Ω—Ç–Ω–æ. –ö–∞–º–ø–∞–Ω–∏—è, —Ä–∞–∑–≤–µ—Ä–Ω...","ID: 6490273 | Chat: https://t.me/gulagchat | Country: Russia | Date: 2025-04-22 | Score: 0.914 | Text: –°–∞–º–æ–µ –ø–æ—Ä–∞–∑–∏—Ç–µ–ª—å–Ω–æ–µ —Ç–æ, —á—Ç–æ –≤–º–µ—Å—Ç–æ —Ç–æ–≥–æ, —á—Ç–æ–±—ã –æ—Å–ª–∞–±–∏—Ç—å –ú–æ—Å–∫–≤—É, –æ–¥–Ω–∞ –∑–∞ –¥—Ä—É–≥–æ–π –≤–æ–ª–Ω—ã —Å–∞–Ω–∫—Ü–∏–π, –∫–æ—Ç–æ—Ä—ã...","ID: 11380 | Chat: https://t.me/ostorozhno_novosti | Country: Russia | Date: 2022-09-30 | Score: 0.934 | Text: –•–æ—á—É, —á—Ç–æ–±—ã —ç—Ç–æ –∑–∞–ø–æ–º–Ω–∏–ª–∏ –≤—Å–µ ‚Äî –ª—é–¥–∏, –∂–∏–≤—É—â–∏–µ –≤ –õ—É–≥–∞–Ω—Å–∫–µ, –î–æ–Ω–µ—Ü–∫–µ, –ó–∞–ø–æ—Ä–æ–∂—Å–∫–æ–π –∏ –•–µ—Ä—Å–æ–Ω—Å–∫–æ–π –æ–±–ª–∞—Å—Ç–∏ ...","ID: 6739060 | Chat: https://t.me/gulagchat | Country: Russia | Date: 2025-05-30 | Score: 0.908 | Text: –ó–µ–ª–µ–Ω—Å–∫–∏–π —Å—Ç—Ä–æ–∏—Ç –Ω–∞ 100% —Ñ–∞—à–∏—Å—Ç—Å–∫–æ–µ –≥–æ—Å—É–¥–∞—Ä—Å—Ç–≤–æ –∏ –ø—ã—Ç–∞–µ—Ç—Å—è –ø–æ–¥—á–∏–Ω–∏—Ç—å –µ–º—É –º–∏–ª–ª–∏–æ–Ω—ã —É–∫—Ä–∞–∏–Ω—Ü–µ–≤. 

1. –ö—É...","ID: 33358 | Chat: https://t.me/our_odessa | Country: Ukraine | Date: 2022-05-07 | Score: 0.928 | Text: ‚ÄºÔ∏è–ù–∞–ø–æ–º–∏–Ω–∞–µ–º

–í –û–¥–µ—Å—Å–µ –∏ –æ–±–ª–∞—Å—Ç–∏ –≤–≤–æ–¥—è—Ç –∫–æ–º–µ–Ω–¥–∞–Ω—Ç—Å–∫–∏–π —á–∞—Å —Å 22:00 8 –º–∞—è –¥–æ 05:00 10 –º–∞—è

 –ó–∞–ø—Ä–µ—â–µ–Ω–æ ...","ID: 78137 | Chat: https://t.me/kievreal1 | Country: Ukraine | Date: 2025-01-17 | Score: 0.897 | Text: –ß–æ–º—É —Å—Ñ–µ—Ä–∞ –∫—Ä–∏–ø—Ç–æ–≤–∞–ª—é—Ç —Ä–æ–∑–∫–≤—ñ—Ç–Ω–µ –≤ 2025 —Ä–æ—Ü—ñ —Ç–∞ —á–∏ –≤—Å—Ç–∏–≥–∞—î—à —Ç–∏ –∑–∞—Å—Ç—Ä–∏–±–Ω—É—Ç–∏?

–ù–∞ —Ü–µ –≤–ø–ª–∏–≤–∞—Ç–∏–º–µ (—Ç–∞ –≤–∂...","ID: 74760 | Chat: https://t.me/uanova | Country: Ukraine | Date: 2024-10-21 | Score: 0.907 | Text: –í –ö–∏—î–≤—ñ —Å—Ç–∞–ª–∞—Å—è —Å—Ç—Ä–∞—à–Ω–∞ –î–¢–ü.

–ù–∞ –∑—É–ø–∏–Ω—Ü—ñ –û–ª–µ–∫—Å–∏ –¢–∏—Ö–æ–≥–æ ¬´–ì–∞–∑–µ–ª—å¬ª –ø–æ–≤–Ω—ñ—Å—Ç—é –≤–ª–µ—Ç—ñ–ª–∞ –≤ –º–∞—Ä—à—Ä—É—Ç–∫—É.

–í—ñ–¥–æ–º...","ID: 46918 | Chat: https://t.me/chp_donetska | Country: Ukraine | Date: 2023-03-27 | Score: 0.888 | Text: –í–°–£ –Ω–∞–Ω–µ—Å–ª–∏ —É–¥–∞—Ä –ø—Ä–µ–¥–ø–æ–ª–æ–∂–∏—Ç–µ–ª—å–Ω–æ –†–°–ó–û –ø–æ –∫–æ–ª–ª–µ–¥–∂—É –≤ –≥.–ú–µ–ª–∏—Ç–æ–ø–æ–ª–µ

Upd: –≤—Å–µ —Å—Ç—É–¥–µ–Ω—Ç—ã –Ω–∞—Ö–æ–¥–∏–ª–∏—Å—å –≤ –∞—É...","ID: 10849 | Chat: https://t.me/outsiderukraine | Country: Ukraine | Date: 2023-08-19 | Score: 0.887 | Text: –í–æ –≤—Ä–µ–º—è –≤–æ–µ–Ω–Ω–æ–≥–æ –ø–æ–ª–æ–∂–µ–Ω–∏—è –∏–Ω—Ñ–æ—Ä–º–∞—Ü–∏—è –æ –ø–æ—Ç–µ—Ä—è—Ö —Å—Ä–µ–¥–∏ –í–°–£ —è–≤–ª—è–µ—Ç—Å—è –≥–æ—Å—É–¥–∞—Ä—Å—Ç–≤–µ–Ω–Ω–æ–π —Ç–∞–π–Ω–æ–π, ‚Äî –ê–Ω–Ω–∞ –ú...","ID: 168201 | Chat: https://t.me/kyivoperat | Country: Ukraine | Date: 2025-04-13 | Score: 0.897 | Text: –ù–∞ –≤—ñ–¥–µ–æ ‚Äî –¥–≤–∞ —Ç–∏–ø–∏, —è–∫–∏–º ¬´–Ω–µ–º–∞ –∑–∞ –∫–æ–≥–æ –≤–æ—é–≤–∞—Ç–∏¬ª. –í–æ–Ω–∏ –± —ñ –≤—ñ–¥ –≥—Ä–æ–º–∞–¥—è–Ω—Å—Ç–≤–∞ –≤—ñ–¥–º–æ–≤–∏–ª–∏—Å—å. –Ü –≤—ñ–¥ –∫—Ä–∞—ó–Ω...","ID: 4976 | Chat: https://t.me/kievinfo_kyiv | Country: Ukraine | Date: 2022-02-25 | Score: 0.908 | Text: –í—Ç–æ—Ä–≥–Ω–µ–Ω–Ω—è –†–æ—Å—ñ—ó –≤ –£–∫—Ä–∞—ó–Ω—É ‚Äì —Ü–µ –Ω–µ –ø—Ä–æ—Å—Ç–æ –≤—Ç–æ—Ä–≥–Ω–µ–Ω–Ω—è, —Ü–µ –ø–æ—á–∞—Ç–æ–∫ –≤—ñ–π–Ω–∏ –ø—Ä–æ—Ç–∏ –Ñ–≤—Ä–æ–ø–∏. –ü—Ä–æ—Ç–∏ —î–¥–Ω–æ—Å—Ç—ñ –Ñ...",ID: 2701 | Chat: https://t.me/na_parise | Country: Ukraine | Date: 2023-10-06 | Score: 0.936 | Text: –£ –∂–æ–≤—Ç–Ω—ñ –≤—ñ–¥–±—É–¥–µ—Ç—å—Å—è 14 –µ–∫—Å–∫—É—Ä—Å—ñ–π —ñ —Ç—É—Ä—ñ–≤ –≤—ñ–¥ –û—Ñ—ñ—Å—É —Ç—É—Ä–∏–∑–º—É –í—ñ–Ω–Ω–∏—Ü—ñ —É —Å–ø—ñ–≤–ø—Ä–∞—Ü—ñ –∑ –º—ñ—Å—Ü–µ–≤–∏–º–∏ –≥—ñ–¥–∞–º–∏ —Ç...,"ID: 9815 | Chat: https://t.me/truexakyiv | Country: Ukraine | Date: 2022-12-06 | Score: 0.929 | Text: –£ –ö–∏—î–≤—ñ –ø—Ä–æ–≤–µ–ª–∏ –æ–±—à—É–∫–∏ —É –±–∞—Ç—å–∫–∞ –∞–¥–≤–æ–∫–∞—Ç–∞ —à–∞—Ä—ñ—èü§¨

–ß–æ–ª–æ–≤—ñ–∫ –Ω–µ–æ–¥–Ω–æ—Ä–∞–∑–æ–≤–æ —Ä–æ–∑–º—ñ—â—É–≤–∞–≤ —É —Å–æ—Ü–º–µ—Ä–µ–∂–∞—Ö –∞–Ω—Ç–∏—É–∫..."
Rank 3,"ID: 7308 | Chat: https://t.me/smi_rf_moskva | Country: Russia | Date: 2022-08-20 | Score: 0.908 | Text: ‚ö°Ô∏è–í –í–æ–ª–æ–≥–æ–¥—Å–∫–æ–π –æ–±–ª–∞—Å—Ç–∏ —Å–µ–º—å –∞–≤—Ç–æ–º–æ–±–∏–ª–µ–π —Å–≥–æ—Ä–µ–ª–∏ –ø–æ—Å–ª–µ —Ç–æ–≥–æ, –∫–∞–∫ –∏—Ö –ø—Ä–æ—Ç–∞—Ä–∞–Ω–∏–ª –≥—Ä—É–∑–æ–≤–∏–∫. –ö–∞–∫ –º–∏–Ω–∏–º—É–º...","ID: 6798675 | Chat: https://t.me/gulagchat | Country: Russia | Date: 2025-06-07 | Score: 0.896 | Text: –•–æ—Ä–æ—à–æ
–ü–æ–∫–∞ –∑–∞—Ç—Ä–∞–≤–æ—á–∫–∞
–í–æ—Ç –µ—Å –≤–æ–∑–º—É—â–∞–µ—Ç—Å—è


–í–µ–Ω–µ—Ü–∏–∞–Ω—Å–∫–∞—è –∫–æ–º–∏—Å—Å–∏—è –∏ –°–æ–≤–µ—Ç –ï–≤—Ä–æ–ø—ã –∂–µ—Å—Ç–∫–æ —Ä–∞—Å–∫—Ä–∏—Ç–∏–∫–æ–≤–∞...","ID: 43853 | Chat: https://t.me/rbc_news | Country: Russia | Date: 2022-03-03 | Score: 0.904 | Text: –ë—ã–≤—à–∏–π –≥–ª–∞–≤–∞ ¬´–í—ã–º–ø–µ–ª–ö–æ–º–∞¬ª (–±—Ä–µ–Ω–¥ ¬´–ë–∏–ª–∞–π–Ω¬ª), –Ω–µ–∑–∞–≤–∏—Å–∏–º—ã–π –¥–∏—Ä–µ–∫—Ç–æ—Ä –º–µ—Ç–∞–ª–ª—É—Ä–≥–∏—á–µ—Å–∫–æ–π –∫–æ–º–ø–∞–Ω–∏–∏ Evraz –ê–ª–µ...","ID: 11742 | Chat: https://t.me/bazabazon | Country: Russia | Date: 2022-05-24 | Score: 0.947 | Text: –ê–ª—å—Ñ–∞-–ë–∞–Ω–∫ –ø—Ä–∏–¥—É–º–∞–ª –¥–µ–Ω–µ–∂–Ω—É—é –∫–Ω–æ–ø–∫—É, —Å –ø–æ–º–æ—â—å—é –∫–æ—Ç–æ—Ä–æ–π –º–æ–∂–Ω–æ —Ä–∞–∑–±–æ–≥–∞—Ç–µ—Ç—å. 

""–ë–û–õ–¨–®–ê–Ø –î–ï–ù–ï–ñ–ù–ê–Ø –ö–ù–û–ü–ö–ê...","ID: 6627051 | Chat: https://t.me/gulagchat | Country: Russia | Date: 2025-05-14 | Score: 0.897 | Text: –¢—ã —Å–æ–±—Ä–∞–ª—Å—è ‚Äú–∫–æ—Ä—Ä–µ–∫—Ç–∏—Ä–æ–≤–∞—Ç—å‚Äù —Ç–µ—Ä—Ä–∏—Ç–æ—Ä–∏–∏,
–Ω–æ –¥–∞–∂–µ –Ω–µ –≤ –∫—É—Ä—Å–µ, —á—å—é –∑–µ–º–ª—é —Ç—Ä–æ–≥–∞–µ—à—å.
–£–∫—Ä–∞–∏–Ω–∞ ‚Äî —ç—Ç–æ –ø—Ä—è–º–æ...","ID: 50790 | Chat: https://t.me/vorobiev_live_chat | Country: Russia | Date: 2022-10-10 | Score: 0.899 | Text: –ù–∞–¥–æ –ø–æ–Ω–∏–º–∞—Ç—å, —á—Ç–æ –Ω–µ–Ω–∞–≤–∏—Å—Ç—å –ø—Ä–∏–Ω–µ—Å–µ—Ç –Ω–∞—à–µ–º—É –æ–±—â–µ—Å—Ç–≤—É –ª–∏—à—å –Ω–µ–≥–∞—Ç–∏–≤–Ω—ã–µ –ø–æ—Å–ª–µ–¥—Å—Ç–≤–∏—è. –ù–∞—à–∏ –∑–∞–ø–∞–¥–Ω—ã–µ –≤—Ä–∞...","ID: 764812 | Chat: https://t.me/spbtodaychat | Country: Russia | Date: 2025-03-18 | Score: 0.912 | Text: –° –∫–∞–∂–¥—ã–º –Ω–æ–≤—ã–º –ø–∞–∫–µ—Ç–æ–º —Å–∞–Ω–∫—Ü–∏–∏ –ó–∞–ø–∞–¥ —É–≤–µ–ª–∏—á–∏–≤–∞–µ—Ç –∫–∞–ª–∏–±—Ä, –∏–∑ –∫–æ—Ç–æ—Ä–æ–≥–æ –≤—ã—Å—Ç—Ä–µ–ª–∏–≤–∞–µ—Ç —Å–µ–±–µ –≤ –Ω–æ–≥—É. –ü–æ–∫–∞ ...",ID: 11380 | Chat: https://t.me/Ria_novosti_rossiya | Country: Russia | Date: 2022-10-12 | Score: 0.934 | Text: –ü—Ä–µ—Å–µ—á–µ–Ω–∞ –ø–æ–¥–≥–æ—Ç–æ–≤–∫–∞ —É–∫—Ä–∞–∏–Ω—Å–∫–∏–º–∏ —Å–ø–µ—Ü—Å–ª—É–∂–±–∞–º–∏ —Ç–µ—Ä–∞–∫—Ç–∞ –Ω–∞ –æ–¥–Ω–æ–º –∏–∑ —Ç—Ä–∞–Ω—Å–ø–æ—Ä—Ç–Ω–æ-–ª–æ–≥–∏—Å—Ç–∏—á–µ—Å–∫–∏—Ö —Ç–µ—Ä–º–∏–Ω–∞–ª...,"ID: 6642457 | Chat: https://t.me/gulagchat | Country: Russia | Date: 2025-05-16 | Score: 0.907 | Text: 1. –ö—É–ª—å—Ç –ª–∏–¥–µ—Ä–∞. 
–¢–æ–ª—å–∫–æ –ó–µ–ª–µ–Ω—Å–∫–∏–π –º–æ–∂–µ—Ç –∫–æ–º–∞–Ω–¥–æ–≤–∞—Ç—å. –û—Å—Ç–∞–ª—å–Ω—ã–µ –ª–∏–±–æ —Å—è–¥—É—Ç, –ª–∏–±–æ —É–º—Ä—É—Ç. –í—Å–µ–º –∑–∞–ø—Ä–µ—Ç–∏...","ID: 33358 | Chat: https://t.me/kievinfo_kyiv | Country: Ukraine | Date: 2023-06-22 | Score: 0.928 | Text: ‚ùóÔ∏è–û–§–Ü–¶–Ü–ô–ù–Ü –¥–µ—Ç–∞–ª—ñ –í–ò–ë–£–•–£ —É  –±–∞–≥–∞—Ç–æ–ø–æ–≤–µ—Ä—Ö—ñ–≤—Ü—ñ —Å—Ç–æ–ª–∏—Ü—ñ 

üí¨¬´–°—Ç–∞–Ω–æ–º –Ω–∞ 11:30 –≤–Ω–∞—Å–ª—ñ–¥–æ–∫ –≤–∏–±—É—Ö—É –≤ 16-—Ç–∏–ø–æ–≤...","ID: 78137 | Chat: https://t.me/TCH_channel | Country: Ukraine | Date: 2023-03-29 | Score: 0.897 | Text: üá∑üá∫üëä –í—ñ–π–Ω–∞ —Ç–∞ —Å–∞–Ω–∫—Ü—ñ—ó —Ä–æ–∑–≤–∞–ª—é—é—Ç—å –µ–∫–æ–Ω–æ–º—ñ–∫—É –†–æ—Å—ñ—ó, ‚Äì –ø–∏—à–µ –≤–∏–¥–∞–Ω–Ω—è The Wall Street Journal.

‚ñ™Ô∏è–ù–∞–π–±—ñ–ª—å—à...","ID: 74760 | Chat: https://t.me/truexanewsua | Country: Ukraine | Date: 2023-06-13 | Score: 0.907 | Text: –ü—ñ–¥–≥–æ—Ç–æ–≤–∫–æ—é –æ–ø–µ—Ä–∞—Ü—ñ—ó –ø–æ –ø—ñ–¥—Ä–∏–≤—É –ø—ñ–≤–Ω—ñ—á–Ω–∏—Ö –ø–æ—Ç–æ–∫—ñ–≤ –∫–µ—Ä—É–≤–∞–≤ –ó–∞–ª—É–∂–Ω–∏–π, ‚Äì NOS.

–ù—ñ–¥–µ—Ä–ª–∞–Ω–¥—Å—å–∫–∞ —Ä–æ–∑–≤—ñ–¥–∫–∞ –ø...","ID: 46918 | Chat: https://t.me/hueviyherson | Country: Ukraine | Date: 2023-10-06 | Score: 0.888 | Text: –£–∫—Ä–∞—ó–Ω—Ü—ñ –≤ –ì–µ–Ω—ñ—á–µ—Å—å–∫—É, –°–∫–∞–¥–æ–≤—Å—å–∫—É, –ê–≥–∞–π–º–∞–Ω–∞—Ö –±–æ—Ä—è—Ç—å—Å—è —ñ–∑ —Ä–∞—à–∏—Å—Ç–∞–º–∏

–ß–∏—Å–ª–µ–Ω–Ω—ñ —Ä–µ–π–¥–∏ –ø–æ –∫–≤–∞—Ä—Ç–∏—Ä–∞—Ö, –ø–µ—Ä...",ID: 150046 | Chat: https://t.me/ukr_2025_ru | Country: Ukraine | Date: 2023-05-24 | Score: 0.882 | Text: –í–ª–∞—Å—Ç–∏ –£–∫—Ä–∞–∏–Ω—ã –ø—ã—Ç–∞—é—Ç—Å—è —Å–∫—Ä—ã—Ç—å –æ—Ç —Å–≤–æ–∏—Ö –≥—Ä–∞–∂–¥–∞–Ω —Ä–µ–∞–ª—å–Ω—ã–µ –ø–æ—Ç–µ—Ä–∏ –í–°–£ - —Ñ—Ä–∞–Ω—Ü—É–∑—Å–∫–æ–µ –∏–∑–¥–∞–Ω–∏–µ Valeurs ac...,"ID: 132777 | Chat: https://t.me/kyivoperat | Country: Ukraine | Date: 2023-10-12 | Score: 0.896 | Text: ¬´–ö–æ–ª–∏ –π–¥–µ—Ç—å—Å—è –ø—Ä–æ –∑–∞—Ö–∏—Å—Ç –∂–∏—Ç—Ç—è –≤—ñ–¥ –∞–≥—Ä–µ—Å—ñ—ó —Ç–∞ —Ç–µ—Ä–æ—Ä—É, –æ–¥–∏–Ω —ñ–∑ –≥–æ–ª–æ–≤–Ω–∏—Ö —á–∏–Ω–Ω–∏–∫—ñ–≤ ‚Äì —Ü–µ –±–µ–∑–ø–µ—Ä–µ—Ä–≤–Ω—ñ—Å—Ç—å ...","ID: 4976 | Chat: https://t.me/truexakharkiv | Country: Ukraine | Date: 2022-03-19 | Score: 0.908 | Text: #–ø–æ–º–æ—â—å 

–ó–¥—Ä–∞–≤—Å—Ç–≤—É–π—Ç–µ! 
–£ –Ω–∞—Å –µ—Å—Ç—å –≤–æ–∑–º–æ–∂–Ω–æ—Å—Ç—å –∑–∞–±—Ä–∞—Ç—å —Å–µ–º–µ–π–Ω—É—é —Å–æ–±–∞–∫—É (–≤–∑—Ä–æ—Å–ª—É—é –∏–ª–∏ —â–µ–Ω–∫–∞) –Ω–∞ –≤—Ä–µ–º...","ID: 2701 | Chat: https://t.me/yodanews24ua | Country: Ukraine | Date: 2023-10-11 | Score: 0.936 | Text: üá∫üá¶ –ó–µ–ª–µ–Ω—Å—å–∫–∏–π –ø—Ä–∏–∑–Ω–∞—á–∏–≤ –Ω–∞—á–∞–ª—å–Ω–∏–∫–æ–º –ü–æ–ª—Ç–∞–≤—Å—å–∫–æ—ó –û–í–ê –∑–∞—Å—Ç—É–ø–Ω–∏–∫–∞ –≥–æ–ª–æ–≤–∏ –ê–†–ú–ê

–ü—Ä–µ–∑–∏–¥–µ–Ω—Ç –í–æ–ª–æ–¥–∏–º–∏—Ä –ó–µ–ª–µ...","ID: 9815 | Chat: https://t.me/truexadnepr | Country: Ukraine | Date: 2022-03-02 | Score: 0.929 | Text: –®–∞–Ω–æ–≤–Ω—ñ —É–∫—Ä–∞—ó–Ω—Ü—ñ!
147 –≥–æ–¥–∏–Ω –æ–±–æ—Ä–æ–Ω–∏.
–•–∞—Ä–∞–∫—Ç–µ—Ä –ø–æ–¥—ñ–π –∑–º—ñ–Ω—é—î—Ç—å—Å—è. –†–æ—Å—ñ–π—Å—å–∫—ñ –æ–∫—É–ø–∞–Ω—Ç–∏ –Ω–∞–º–∞–≥–∞—é—Ç—å—Å—è —Ö–æ—á —è..."
Rank 4,"ID: 7308 | Chat: https://t.me/moscow | Country: Russia | Date: 2024-02-20 | Score: 0.908 | Text: üíä –ú—É–∂—á–∏–Ω–∞ –≤—ã–ø–∏–ª 1176 —Ç–∞–±–ª–µ—Ç–æ–∫ –∏–±—É–ø—Ä–æ—Ñ–µ–Ω–∞ –∑–∞ –º–µ—Å—è—Ü, –∏ —É –Ω–µ–≥–æ –æ—Ç–∫–∞–∑–∞–ª–∏ –ø–æ—á–∫–∏

–û–Ω –∑–∞–Ω–∏–º–∞–ª—Å—è –±–µ–≥–æ–º, –Ω–æ —Ñ...","ID: 22852522 | Chat: https://t.me/chatzvz | Country: Russia | Date: 2025-06-09 | Score: 0.895 | Text: –†–æ—Å—Å–∏—è –Ω–∞ –ø—Ä–æ—Ç—è–∂–µ–Ω–∏–∏ –≤–µ–∫–æ–≤ –ø—Ä–æ–≤–æ–¥–∏–ª–∞ –ø–æ–ª–∏—Ç–∏–∫—É, –Ω–∞–ø—Ä–∞–≤–ª–µ–Ω–Ω—É—é –Ω–∞ –ø–æ–¥—á–∏–Ω–µ–Ω–∏–µ –∏ –ø–æ–¥–∞–≤–ª–µ–Ω–∏–µ —É–∫—Ä–∞–∏–Ω—Å–∫–æ–π –∏–¥...",ID: 43853 | Chat: https://t.me/sashakots | Country: Russia | Date: 2023-12-12 | Score: 0.904 | Text: –£–§–°–ë –†–æ—Å—Å–∏–∏ –ø–æ –î–æ–Ω–µ—Ü–∫–æ–π –ù–∞—Ä–æ–¥–Ω–æ–π –†–µ—Å–ø—É–±–ª–∏–∫–µ –∑–∞–¥–µ—Ä–∂–∞–Ω—ã –±—ã–≤—à–∏–π –ø–æ–º–æ—â–Ω–∏–∫ –ú–∏–Ω–∏—Å—Ç—Ä–∞ –ø—Ä–æ–º—ã—à–ª–µ–Ω–Ω–æ—Å—Ç–∏ –∏ —Ç–æ—Ä–≥...,ID: 11742 | Chat: https://t.me/voenacher | Country: Russia | Date: 2022-03-10 | Score: 0.947 | Text: –°–®–ê –ø—Ä–æ–≤–æ–¥–∏–ª–∏ —ç–∫—Å–ø–µ—Ä–∏–º–µ–Ω—Ç—ã —Å –æ–ø–∞—Å–Ω—ã–º–∏ –¥–ª—è —á–µ–ª–æ–≤–µ–∫–∞ –≤–∏—Ä—É—Å–∞–º–∏ –≤ –±–∏–æ–ª–∞–±–æ—Ä–∞—Ç–æ—Ä–∏—è—Ö –Ω–∞ –£–∫—Ä–∞–∏–Ω–µ. –î–æ–∫–∞–∑–∞—Ç–µ–ª—å...,"ID: 6741407 | Chat: https://t.me/gulagchat | Country: Russia | Date: 2025-05-30 | Score: 0.897 | Text: —Ä–æ—Å—Å–∏—è - —ç—Ç–æ –∏—Å–∫—É—Å—Å—Ç–≤–µ–Ω–Ω–∞—è —Å—Ç—Ä–∞–Ω–∞, –∫–æ—Ç–æ—Ä–∞—è –±—ã–ª–∞ —Å–æ–∑–¥–∞–Ω–∞ –≤ —Ä–µ–∑—É–ª—å—Ç–∞—Ç–µ –æ–∫–∫—É–ø–∞—Ü–∏–∏ –∏ –∑–∞–≤–æ–µ–≤–∞—Ç–µ–ª—å–Ω—ã—Ö –≤–æ–π–Ω...","ID: 50790 | Chat: https://t.me/mrpl_besxozxata | Country: Russia | Date: 2025-02-04 | Score: 0.899 | Text: –°–æ–≥–ª–∞—Å–Ω–æ –∑–∞–∫–æ–Ω–æ–ø—Ä–æ–µ–∫—Ç—É, –≤—Å–µ –ø—Ä–∞–≤–æ—É—Å—Ç–∞–Ω–∞–≤–ª–∏–≤–∞—é—â–∏–µ –¥–æ–∫—É–º–µ–Ω—Ç—ã, –≤—ã–¥–∞–Ω–Ω—ã–µ –æ—Ä–≥–∞–Ω–∞–º–∏ –≥–æ—Å—É–¥–∞—Ä—Å—Ç–≤–µ–Ω–Ω–æ–π –≤–ª–∞—Å—Ç–∏...","ID: 695204 | Chat: https://t.me/treshchat_ulyanovsk | Country: Russia | Date: 2024-09-29 | Score: 0.912 | Text: –ù–µ –ø–µ—Ä–µ–≤–æ—Ä–∞—á–∏–≤–∞–π 
–Ø —Ç–∞–∫–æ–≥–æ –Ω–µ –≥–æ–≤–æ—Ä–∏–ª–∞.
–Ø –∏–∑–Ω–∞—á–∞–ª—å–Ω–æ(–µ—Å–ª–∏ —á–∏—Ç–∞–ª, –∞ –Ω–µ —Ç—É–ø–æ –≤—ã—Å–µ—Ä —Å–¥–µ–ª–∞–ª) —Å–∫–∞–∑–∞–ª–∞ –ø—Ä–æ...","ID: 665027 | Chat: https://t.me/vorobiev_live_chat | Country: Russia | Date: 2025-04-08 | Score: 0.927 | Text: ""–ø–æ—Ç–≤–µ—Ä–¥–∏—Ç–µ"" –∏–ª–∏ –æ–ø—Ä–æ–≤–µ—Ä–≥–Ω–∏—Ç–µ –Ω–∞–¥ –≤–∞–º–∏ –ª–µ—Ç–∞–µ—Ç 1500 —Å–∞–º–æ–ª–µ—Ç–æ–≤ –≤ —Å—É—Ç–∫–∏ –∏–ª–∏ –Ω–µ—Ç? –ê —á—Ç–æ —Ç–∞–º –º–µ—à–∞–µ—Ç –≤ –∞—ç—Ä...",ID: 33824 | Chat: https://t.me/varlamov_news | Country: Russia | Date: 2022-09-14 | Score: 0.899 | Text: –í –•–∞—Ä—å–∫–æ–≤—Å–∫–æ–π –æ–±–ª–∞—Å—Ç–∏ –ø—Ä–æ–ø–∞–ª –ª–∏–¥–µ—Ä –æ–±—â–µ—Å—Ç–≤–µ–Ω–Ω–æ–≥–æ –¥–≤–∏–∂–µ–Ω–∏—è –ø—Ä–æ—Ç–∏–≤ —Ä–∞–±—Å—Ç–≤–∞ ¬´–ê–ª—å—Ç–µ—Ä–Ω–∞—Ç–∏–≤–∞¬ª –û–ª–µ–≥ –ú–µ–ª—å–Ω–∏–∫...,"ID: 33358 | Chat: https://t.me/k_dvizh | Country: Ukraine | Date: 2023-04-04 | Score: 0.928 | Text: üá∫üá¶–ü—ñ—Å–ª—è –ø–æ—á–∞—Ç–∫—É –≤—ñ–π–Ω–∏ –∑–∞ –∫–æ—Ä–¥–æ–Ω –≤–∏—ó—Ö–∞–ª–æ –±—ñ–ª—å—à–µ –Ω—ñ–∂ 8 –º—ñ–ª—å–π–æ–Ω—ñ–≤ —É–∫—Ä–∞—ó–Ω—Ü—ñ–≤. 

–©–æ–± –æ–±‚Äô—î–¥–Ω–∞—Ç–∏ –Ω–∞—à–∏—Ö –≥—Ä–æ–º...",ID: 151521 | Chat: https://t.me/tipkonstchat | Country: Ukraine | Date: 2022-12-31 | Score: 0.896 | Text: –ö—ñ–ª—å–∫—ñ—Å—Ç—å –ø–æ—Ä–∞–Ω–µ–Ω–∏—Ö –≤–Ω–∞—Å–ª—ñ–¥–æ–∫ —Ä–æ—Å—ñ–π—Å—å–∫–æ—ó –∞—Ç–∞–∫–∏ –Ω–∞ –ö–∏—ó–≤ –∑—Ä–æ—Å–ª–∞ –¥–æ 20. 14 –ø–æ—Å—Ç—Ä–∞–∂–¥–∞–ª–∏—Ö –≥–æ—Å–ø—ñ—Ç–∞–ª—ñ–∑—É–≤–∞–ª–∏...,"ID: 74760 | Chat: https://t.me/TCH_channel | Country: Ukraine | Date: 2023-02-28 | Score: 0.907 | Text: ü™ñüç≤üí∞–ú—ñ–Ω–æ–±–æ—Ä–æ–Ω–∏ –æ–ø—Ä–∏–ª—é–¥–Ω–∏–ª–æ –≤—ñ–¥–æ–º–æ—Å—Ç—ñ –ø—Ä–æ —Ü—ñ–Ω–∏ –Ω–∞ —Ä–∞—Ü—ñ–æ–Ω–∏ —Ö–∞—Ä—á—É–≤–∞–Ω–Ω—è –¥–ª—è –ó–°–£.

üëâ –ó–≥—ñ–¥–Ω–æ –¥–æ–∫—É–º–µ–Ω—Ç—ñ–≤, –≤–∞...","ID: 46918 | Chat: https://t.me/huyovy_kharkiv | Country: Ukraine | Date: 2022-02-28 | Score: 0.888 | Text: ‚ö°Ô∏è–°—É–º–∞—Ä–Ω—ñ –æ—Ä—ñ—î–Ω—Ç–æ–≤–Ω—ñ –≤—Ç—Ä–∞—Ç–∏ –≤–æ—Ä–æ–≥–∞ –∑ 24.02 –ø–æ 28.02 —Å—Ç–∞–Ω–æ–º –Ω–∞ 6.00:

–õ—ñ—Ç–∞–∫–∏ ‚Äï 29
–≥–µ–ª—ñ–∫–æ–ø—Ç–µ—Ä–∏ ‚Äï 29
–¢–∞...","ID: 170630 | Chat: https://t.me/ukr_2025_ru | Country: Ukraine | Date: 2023-09-25 | Score: 0.882 | Text: –î–∏–≤–∞–Ω–Ω—ã–π –≥–µ–Ω—à—Ç–∞–±:

–ù–∞ —Å–µ–≥–æ–¥–Ω—è—à–Ω–∏–π –¥–µ–Ω—å –ø—Ä–∏–º–µ—Ä–Ω—ã–µ –æ—Ü–µ–Ω–∫–∏ –ø–æ—Ç–µ—Ä—å –í–°–£ –≤ ""–∫–æ–Ω—Ç—Ä–Ω–∞—Å—Ç—É–ø–µ"" –ø—Ä–∏–º–µ—Ä–Ω–æ –≤ 77 —Ç—ã...",ID: 132777 | Chat: https://t.me/chp_donetska | Country: Ukraine | Date: 2025-02-27 | Score: 0.896 | Text: –ö–æ—Ç–æ—Ñ–µ–π - —Ä–æ—Å—Å–∏–π—Å–∫–∏–π –±—Ä–µ–Ω–¥ –æ–±—É–≤–∏ –∏ –æ–¥–µ–∂–¥—ã –¥–ª—è –¥–µ—Ç–µ–π –∏ –ø–æ–¥—Ä–æ—Å—Ç–∫–æ–≤. –í —Ñ–∏—Ä–º–µ–Ω–Ω—ã—Ö –º–∞–≥–∞–∑–∏–Ω–∞—Ö –∫–æ–º–ø–∞–Ω–∏–∏ –ø—Ä–µ...,"ID: 4976 | Chat: https://t.me/svoiua | Country: Ukraine | Date: 2022-05-18 | Score: 0.908 | Text: ‚ùóÔ∏è–ò—Ç–æ–≥–∏ –¥–Ω—è:

üìå–ü–æ–ª—å—à–∞ –∏ —Å—Ç—Ä–∞–Ω—ã –ë–∞–ª—Ç–∏–∏ –ø—Ä–æ—Å—è—Ç –ù–ê–¢–û —Ä–∞–∑–º–µ—Å—Ç–∏—Ç—å –±–æ–ª—å—à–µ –≤–æ–µ–Ω–Ω—ã—Ö –Ω–∞ —Å–≤–æ–µ–π —Ç–µ—Ä—Ä–∏—Ç–æ—Ä–∏–∏.

üìå–ü...","ID: 510 | Chat: https://t.me/kpszsu | Country: Ukraine | Date: 2022-03-12 | Score: 0.932 | Text: –ì–µ–Ω–µ—Ä–∞–ª—å–Ω–∏–π —à—Ç–∞–± –ó–°–£ —ñ–Ω—Ñ–æ—Ä–º—É—î: 
–û–ø–µ—Ä–∞—Ç–∏–≤–Ω–∞ —ñ–Ω—Ñ–æ—Ä–º–∞—Ü—ñ—è —Å—Ç–∞–Ω–æ–º –Ω–∞ 12.00 12.03.2022 —â–æ–¥–æ —Ä–æ—Å—ñ–π—Å—å–∫–æ–≥–æ –≤—Ç...","ID: 68524 | Chat: https://t.me/kievinfo_kyiv | Country: Ukraine | Date: 2025-06-05 | Score: 0.926 | Text: ‚ùóÔ∏è–ù–æ–≤—ñ ‚úàÔ∏è –∑–∞—Ä–∞–∑ –±—É–¥—É—Ç—å –∑–∞—Ö–æ–¥–∏—Ç–∏ –≤ –î–∞—Ä–Ω–∏—Ü—å–∫–∏–π —Ç–∞ –î–Ω—ñ–ø—Ä–æ–≤—Å—å–∫–∏–π.
–í —É–∫—Ä–∏—Ç—Ç—è! 
‚û°Ô∏è–ü–æ–ø–µ—Ä–µ–¥—å—Ç–µ —Ä—ñ–¥–Ω–∏—Ö!
üì¢–í—ñ–¥–ø..."
Rank 5,"ID: 7308 | Chat: https://t.me/wargonzo | Country: Russia | Date: 2022-06-18 | Score: 0.908 | Text: –¢–∞–π–Ω—ã –¥–æ–º–∞ –†–æ–º–∞–Ω–æ–≤—ã—Ö –∏ —Ä–æ—Å–≥–≤–∞—Ä–¥–µ–π—Ü–µ–≤ 

–í –æ–±—â–µ—Å—Ç–≤–µ —Å–ª–æ–∂–∏–ª—Å—è —Å—Ç–µ—Ä–µ–æ—Ç–∏–ø, —á—Ç–æ –±–æ–π—Ü—ã —Å–∏–ª–æ–≤—ã—Ö —Å—Ç—Ä—É–∫—Ç—É—Ä ‚Äì —ç...","ID: 301873 | Chat: https://t.me/tass_agency | Country: Russia | Date: 2025-02-21 | Score: 0.895 | Text: –£–∫—Ä–∞–∏–Ω–∞ –ø—Ä–∏—à–ª–∞ –∫ —Ä–∏—Å–∫—É –ø–æ—Ç–µ—Ä–∏ –≥–æ—Å—É–¥–∞—Ä—Å—Ç–≤–µ–Ω–Ω–æ—Å—Ç–∏, –∑–∞–ø—Ä–µ—Ç–∏–≤ —Ä—É—Å—Å–∫–∏–π —è–∑—ã–∫. –û–± —ç—Ç–æ–º –∑–∞—è–≤–∏–ª –¢–ê–°–° –≥–µ–Ω–¥–∏—Ä–µ–∫...","ID: 43853 | Chat: https://t.me/mash | Country: Russia | Date: 2023-05-08 | Score: 0.904 | Text: –ß–∏—Å–ª–æ –ø–æ–≥–∏–±—à–∏—Ö –≤ –ø—Ä–∏—Ä–æ–¥–Ω—ã—Ö –ø–æ–∂–∞—Ä–∞—Ö –Ω–∞ –£—Ä–∞–ª–µ —É–≤–µ–ª–∏—á–∏–ª–æ—Å—å –¥–æ —Å–µ–º–∏ —á–µ–ª–æ–≤–µ–∫.

–í –¥–µ—Ä–µ–≤–Ω–µ –ö—Ä–∞—Å–Ω—ã–π –Ø—Ä (–¢—é–º–µ...","ID: 151643 | Chat: https://t.me/rt_russian | Country: Russia | Date: 2023-03-26 | Score: 0.937 | Text: –ê–≤—Ç–æ–º–æ–±–∏–ª—å –ø–µ–≤–∏—Ü—ã –ù–∞—Ç–∞–ª–∏–∏ –í–ª–∞—Å–æ–≤–æ–π –æ–±—Å—Ç—Ä–µ–ª—è–ª–∏ –≤ –ú–æ—Å–∫–≤–µ.

–û–Ω–∞ –æ–±–Ω–∞—Ä—É–∂–∏–ª–∞ –ø—è—Ç—å —Å–ª–µ–¥–æ–≤ –æ—Ç –≤—ã—Å—Ç—Ä–µ–ª–æ–≤ –Ω–∞ ...","ID: 142400 | Chat: https://t.me/warhistoryalconafter | Country: Russia | Date: 2024-01-16 | Score: 0.895 | Text: üá∑üá∫üá∫üá¶–ó–¥–µ—Å—å –µ—Å—Ç—å —Å–º—ã—Å–ª –Ω–µ–º–Ω–æ–≥–æ –ø—Ä–æ–∫–æ–º–º–µ–Ω—Ç–∏—Ä–æ–≤–∞—Ç—å —Å–ª–æ–≤–∞ –ü—Ä–µ–∑–∏–¥–µ–Ω—Ç–∞, –ø–æ—Å–∫–æ–ª—å–∫—É —Ç–µ–º–∞ –∫—Ä–∞–π–Ω–µ –∏–Ω—Ç–µ—Ä–µ—Å–Ω–∞ –∏, ...","ID: 19805050 | Chat: https://t.me/readovchat | Country: Russia | Date: 2025-03-03 | Score: 0.897 | Text: –ó–∞–ø–∞–¥ —á–µ—Ä–µ–∑ —Ç–µ—Ö, –∫—Ç–æ –ø—Ä–æ—Ç–µ—Å—Ç—É–µ—Ç –ø—Ä–æ—Ç–∏–≤ –º–∏—Ä–∞, –∫—Ç–æ –ø—Ä–æ–ø–∞–≥–∞–Ω–¥–∏—Ä—É–µ—Ç –∞–≥—Ä–µ—Å—Å–∏—é –∏ –Ω–µ–Ω–∞–≤–∏—Å—Ç—å, —Ä–∞–∑–Ω–æ—Å–∏—Ç —Å–≤–æ—é ...","ID: 20649509 | Chat: https://t.me/readovchat | Country: Russia | Date: 2025-06-06 | Score: 0.912 | Text: –≠–∫–æ–Ω–æ–º–∏–∫—É –†–æ—Å—Å–∏–∏ –∂–¥–µ—Ç –Ω–µ–ø—Ä–æ—Å—Ç–æ–π –ø–µ—Ä–∏–æ–¥, –Ω–æ –≥–æ–≤–æ—Ä–∏—Ç—å, —á—Ç–æ –æ–Ω–∞ —Ä–∞–∑—Ä—É—à–µ–Ω–∞, —Ä–∞–∑–≤–∞–ª–µ–Ω–∞ –∏ —Ç–ø - –ø—Ä–æ—Å—Ç–æ –≥–ª—É–ø...","ID: 665027 | Chat: https://t.me/krasnodarkray_chat | Country: Russia | Date: 2022-09-27 | Score: 0.927 | Text: –í–ª–∞—Å—Ç–∏ –õ–ù–†, –î–ù–†, –∞ —Ç–∞–∫–∂–µ –ø–æ–¥–∫–æ–Ω—Ç—Ä–æ–ª—å–Ω—ã—Ö –†–æ—Å—Å–∏–∏ —Ç–µ—Ä—Ä–∏—Ç–æ—Ä–∏–π –•–µ—Ä—Å–æ–Ω—Å–∫–æ–π –∏ –ó–∞–ø–æ—Ä–æ–∂—Å–∫–æ–π –æ–±–ª–∞—Å—Ç–µ–π —Å–æ–æ–±—â–∏–ª–∏...","ID: 33824 | Chat: https://t.me/ru2ch | Country: Russia | Date: 2022-02-24 | Score: 0.899 | Text: –ö–∏—Ç–∞–π –æ—Ç–∫–∞–∑–∞–ª—Å—è –æ—Å—É–¥–∏—Ç—å –¥–µ–π—Å—Ç–≤–∏—è –†–æ—Å—Å–∏–∏ –≤ –£–∫—Ä–∞–∏–Ω–µ

–ü—Ä–µ—Å—Å-—Å–µ–∫—Ä–µ—Ç–∞—Ä—å –ú–ò–î –ö–∏—Ç–∞—è –•—É–∞ –ß—É–Ω—å–∏–Ω –∑–∞—è–≤–∏–ª–∞, —á—Ç–æ...","ID: 33358 | Chat: https://t.me/odessa_infonews | Country: Ukraine | Date: 2022-12-11 | Score: 0.928 | Text: üö± –í –û–¥–µ—Å—Å–µ –ø–µ—Ä–µ–±–æ–∏ —Å –≤–æ–¥–æ–π üíß 

–ñ–∏—Ç–µ–ª–∏ —Å–æ–æ–±—â–∞—é—Ç, —á—Ç–æ –≤–æ–¥–∞ –∏—Å—á–µ–∑–ª–∞ –æ–∫–æ–ª–æ —á–∞—Å–∞ –Ω–∞–∑–∞–¥. –°–∫–æ—Ä–µ–µ –≤—Å–µ–≥–æ, —ç—Ç–æ...","ID: 151521 | Chat: https://t.me/yodanews24ua | Country: Ukraine | Date: 2025-05-03 | Score: 0.896 | Text: –†–æ—Å—ñ—è –Ω–∞ –ø–æ—Ä–æ–∑—ñ –µ–∫–æ–Ω–æ–º—ñ—á–Ω–æ—ó –∫—Ä–∏–∑–∏: –ø—Ä–æ–≥–Ω–æ–∑ —É–∫—Ä–∞—ó–Ω—Å—å–∫–æ—ó —Ä–æ–∑–≤—ñ–¥–∫–∏

–£ —Ä–æ–∑–≤—ñ–¥—Ü—ñ –∑–∞–∑–Ω–∞—á–∏–ª–∏, —â–æ –Ω–∞—Å—Ç—É–ø–Ω–æ–≥–æ...","ID: 74760 | Chat: https://t.me/kharkivlife | Country: Ukraine | Date: 2024-01-23 | Score: 0.907 | Text: –ö—ñ–ª—å–∫—ñ—Å—Ç—å –ø–æ—Ä–∞–Ω–µ–Ω–∏—Ö –∑–±—ñ–ª—å—à–∏–ª–∞—Å—å –¥–æ –≤–æ—Å—å–º–∏. ‚Äî –û–í–ê

–°—Ç–∞–Ω —Ç—Ä—å–æ—Ö –≥–æ—Å–ø—ñ—Ç–∞–ª—ñ–∑–æ–≤–∞–Ω–∏—Ö –º–µ–¥–∏–∫–∏ –æ—Ü—ñ–Ω—é—é—Ç—å —è–∫ —Å–µ—Ä...","ID: 46918 | Chat: https://t.me/TCH_channel | Country: Ukraine | Date: 2022-08-17 | Score: 0.888 | Text: üßêüá∑üá∫–ü—ñ—Å–ª—è ""–±–∞–≤–æ–≤–Ω–∏"" —É –ö—Ä–∏–º—É –Ω–∞—Ä–∞—Ç–∏–≤–∏ –ö—Ä–µ–º–ª—è –∑–º—ñ–Ω–∏–ª–∏—Å—å.

–†–æ—Å—ñ–π—Å—å–∫–∏–π –æ–ø–æ–∑–∏—Ü—ñ–æ–Ω–µ—Ä, –ø—Ä–∞–≤–æ–∑–∞—Ö–∏—Å–Ω–∏–∫ —Ç–∞ –∞–¥–≤–æ...","ID: 170630 | Chat: https://t.me/kyivoperat | Country: Ukraine | Date: 2025-05-25 | Score: 0.882 | Text: –û–±–æ–ª–æ–Ω—Å—å–∫–∏–π —Ä–∞–π–æ–Ω: —Ä—è—Ç—É–≤–∞–ª—å–Ω–∏–∫–∏ –¥–µ–±–ª–æ–∫—É–≤–∞–ª–∏ —á–æ–ª–æ–≤—ñ–∫–∞ –∑ –≤–µ–Ω—Ç–∏–ª—è—Ü—ñ–π–Ω–æ—ó —à–∞—Ö—Ç–∏

25 —Ç—Ä–∞–≤–Ω—è –æ 13:56 –¥–æ —Ä—è—Ç...","ID: 102369 | Chat: https://t.me/truexanewsua | Country: Ukraine | Date: 2024-11-25 | Score: 0.893 | Text: ¬´–ê —à–æ —ç—Ç–æ —Ç–∞–∫–æ–µ? –≠—Ç–æ –∫–∞–∫–∞—è-—Ç–æ —Å–∏—Å—Ç–µ–º–∞ –ü–í–û –Ω–æ–≤–∞—è¬ª

–í—ñ–¥–µ–æ —É–¥–∞—Ä—ñ–≤ ATACMS –ø–æ –ö—É—Ä—â–∏–Ω—ñ —Ü—ñ—î—ó –Ω–æ—á—ñ –ø—É–±–ª—ñ–∫—É—é—Ç...","ID: 68537 | Chat: https://t.me/kievinfo_kyiv | Country: Ukraine | Date: 2025-06-05 | Score: 0.908 | Text: ü§¨–í –°–æ–ª–æ–º º—è–Ω—Å—å–∫–æ–º—É —Ä–∞–π–æ–Ω—ñ –≤–æ—Ä–æ–∂–∏–π –¥—Ä–æ–Ω –ø–æ—à–∫–æ–¥–∏–≤ –±–∞–≥–∞—Ç–æ–ø–æ–≤–µ—Ä—Ö—ñ–≤–∫—É. –Ñ –∑–∞–π–º–∞–Ω–Ω—è.
‚û°Ô∏è–ü–æ–ø–µ—Ä–µ–¥—å—Ç–µ —Ä—ñ–¥–Ω–∏—Ö!
üì¢–í...","ID: 510 | Chat: https://t.me/dtek_ua | Country: Ukraine | Date: 2023-05-18 | Score: 0.932 | Text: –ú—ñ–Ω—ñ—Å—Ç–µ—Ä—Å—Ç–≤–æ –æ–±–æ—Ä–æ–Ω–∏ –≤—ñ–¥–∑–Ω–∞—á–∏–ª–æ –Ω–∞–≥–æ—Ä–æ–¥–æ—é –µ–Ω–µ—Ä–≥–µ—Ç–∏–∫—ñ–≤ –î–¢–ï–ö

–û–ª–µ–∫—Å—ñ–π –†—î–∑–Ω—ñ–∫–æ–≤ –≤—Ä—É—á–∏–≤ –¥–µ—Ä–∂–∞–≤–Ω—ñ –Ω–∞–≥–æ—Ä–æ–¥...","ID: 68524 | Chat: https://t.me/our_odessa | Country: Ukraine | Date: 2024-06-19 | Score: 0.926 | Text: –ú–µ–¥–∏–∫–∞–º –û–¥–µ—â–∏–Ω–∏ –ø–µ—Ä–µ–¥–∞–ª–∏ —á–æ—Ç–∏—Ä–∏ —Å—É—á–∞—Å–Ω—ñ –µ–ª–µ–∫—Ç—Ä–æ–º–æ–±—ñ–ª—ñ –¥–ª—è –ø–µ—Ä–≤–∏–Ω–Ω–æ—ó –º–µ–¥–∏—á–Ω–æ—ó –¥–æ–ø–æ–º–æ–≥–∏

–í –û–í–ê –∑–∞–∑–Ω–∞—á–∏..."
