name,description,subscribers,url,username,tme_link,last_post
–ú–æ—Å–∫–≤–∏—á–∏ / ¬´–ù–æ–≤–æ—Å—Ç–∏ –ú–æ—Å–∫–≤—ã¬ª,‚ñ™Ô∏è–ê–Ω–æ–Ω–∏–º–Ω–æ –ø—Ä–∏—Å–ª–∞—Ç—å –Ω–æ–≤–æ—Å—Ç—å - https://t.me/mosmapbot,117178,https://tgstat.ru/en/chat/id1423788859,1423788859,https://t.me/1423788859,51 min
–ß–∞—Ç –ú–æ—Å–∫–≤–∞,–ß–∞—Ç –¥–ª—è –ø–æ–∏—Å–∫–∞ –∏ –ø—É–±–ª–∏–∫–∞—Ü–∏–∏ –∏–Ω—Ñ–æ—Ä–º–∞—Ü–∏–∏ –Ω–∞ —Ç–µ—Ä—Ä–∏—Ç–æ—Ä–∏–∏ –ú–æ—Å–∫–≤—ã,66976,https://tgstat.ru/en/chat/@stolitsa_msk_obyavlenia,stolitsa_msk_obyavlenia,https://t.me/stolitsa_msk_obyavlenia,76 min
—á–∞—Ç –ï–∫–∞—Ç–µ—Ä–∏–Ω–±—É—Ä–≥,–ß–∞—Ç –¥–ª—è –ø–æ–∏—Å–∫–∞ –∏ –ø—É–±–ª–∏–∫–∞—Ü–∏–∏ –∏–Ω—Ñ–æ—Ä–º–∞—Ü–∏–∏ –Ω–∞ —Ç–µ—Ä—Ä–∏—Ç–æ—Ä–∏–∏ –ï–∫–∞—Ç–µ—Ä–∏–Ω–±—É—Ä–≥–∞,63387,https://tgstat.ru/en/chat/@gruppa_ekb_eburg,gruppa_ekb_eburg,https://t.me/gruppa_ekb_eburg,58 min
–ú–æ—Å–∫–≤–∞ —Å–µ–≥–æ–¥–Ω—è —á–∞—Ç,"Ô∏è–†–∞–∑–±–ª–æ–∫–∏—Ä–æ–≤–∫–∞ –≤ —á–∞—Ç–µ, –æ–±—Ä–∞—â–∞–π—Ç–µ—Å—å —Å—é–¥–∞ ‚Äî  @mostodaysupportbot",43910,https://tgstat.ru/en/chat/@mostodaychat,mostodaychat,https://t.me/mostodaychat,48 min
–°–∏—Ç—É–∞—Ü–∏—è –Ω–∞ –ö—Ä—ã–º—Å–∫–æ–º –º–æ—Å—Ç—É,–†–µ–∫–ª–∞–º–∞ @owl_bubo,39714,https://tgstat.ru/en/chat/@krym_most_seychas,krym_most_seychas,https://t.me/krym_most_seychas,2 hours
—á–∞—Ç –°–∞–Ω–∫—Ç-–ü–µ—Ç–µ—Ä–±—É—Ä–≥,–ß–∞—Ç –¥–ª—è –ø–æ–∏—Å–∫–∞ –∏ –ø—É–±–ª–∏–∫–∞—Ü–∏–∏ –∏–Ω—Ñ–æ—Ä–º–∞—Ü–∏–∏ –Ω–∞ —Ç–µ—Ä—Ä–∏—Ç–æ—Ä–∏–∏ –°–∞–Ω–∫—Ç-–ü–µ—Ç–µ—Ä–±—É—Ä–≥–∞,29759,https://tgstat.ru/en/chat/@leningrad_piter,leningrad_piter,https://t.me/leningrad_piter,4 hours
–ß–ü –°–æ—á–∏ / –ü—Ä—è–º–æ–π —ç—Ñ–∏—Ä,–û—Ñ–∏—Ü–∏–∞–ª—å–Ω—ã–π –æ—Ç–∫—Ä—ã—Ç—ã–π –ß–ê–¢ –ø—Ä–æ–µ–∫—Ç–∞ ¬´–ß–ü –°–æ—á–∏¬ª.,27830,https://tgstat.ru/en/chat/@chpsochi_chat,chpsochi_chat,https://t.me/chpsochi_chat,47 min
–ß–ê–¢ - –í–æ—Ä–æ–±—å—ë–≤ LIVE,,26297,https://tgstat.ru/en/chat/@vorobiev_live_chat,vorobiev_live_chat,https://t.me/vorobiev_live_chat,46 min
–ß–∞—Ç –°–∞—Ä–∞—Ç–æ–≤,–ß–∞—Ç –¥–ª—è –ø–æ–∏—Å–∫–∞ –∏ –ø—É–±–ª–∏–∫–∞—Ü–∏–∏ –∏–Ω—Ñ–æ—Ä–º–∞—Ü–∏–∏ –Ω–∞ —Ç–µ—Ä—Ä–∏—Ç–æ—Ä–∏–∏ –°–∞—Ä–∞—Ç–æ–≤–∞,26170,https://tgstat.ru/en/chat/@saratov_obyavlenia_gorod,saratov_obyavlenia_gorod,https://t.me/saratov_obyavlenia_gorod,70 min
–ß–∞—Ç –ö—Ä–∞—Å–Ω–æ–¥–∞—Ä,–ß–∞—Ç –¥–ª—è –ø–æ–∏—Å–∫–∞ –∏ –ø—É–±–ª–∏–∫–∞—Ü–∏–∏ –∏–Ω—Ñ–æ—Ä–º–∞—Ü–∏–∏ –Ω–∞ —Ç–µ—Ä—Ä–∏—Ç–æ—Ä–∏–∏ –ö—Ä–∞—Å–Ω–æ–¥–∞—Ä–∞,25732,https://tgstat.ru/en/chat/@krasnodar_novosti_gruppa,krasnodar_novosti_gruppa,https://t.me/krasnodar_novosti_gruppa,15 hours
–ü–æ–¥—Å–ª—É—à–∞–Ω–æ —á–∞—Ç #1,–†–∞–∑—Ä–µ—à–µ–Ω–æ:,24000,https://tgstat.ru/en/chat/@pb_chats,pb_chats,https://t.me/pb_chats,49 min
"–ü–µ—Ä–µ–∫–ª–∏—á–∫–∞ –î–ù–† | –í–æ–µ–Ω–Ω—ã–π ‚ìè –î–æ–Ω–µ—Ü–∫ | –î–æ–Ω–µ—Ü–∫, –ú–∞–∫–µ–µ–≤–∫–∞, –Ø—Å–∏–Ω–æ–≤–∞—Ç–∞—è, –ì–æ—Ä–ª–æ–≤–∫–∞",–§–æ—Ç–æ/–≤–∏–¥–µ–æ –º–∞—Ç–µ—Ä–∏–∞–ª—ã –º–æ–∂–µ—Ç–µ –æ—Ç–ø—Ä–∞–≤–∏—Ç—å –Ω–∞–º –≤ –±–æ—Ç - @MilitaryDonetsk_feedback_bot,23992,https://tgstat.ru/en/chat/@militarydonetsk_pereklichka,militarydonetsk_pereklichka,https://t.me/militarydonetsk_pereklichka,47 min
–û–¥–∏–Ω—Ü–æ–≤–æ –ß–ê–¢ üó£,–ì–æ—Ä–æ–¥—Å–∫–æ–π ‚Ññ1,23471,https://tgstat.ru/en/chat/@odintsovo_city,odintsovo_city,https://t.me/odintsovo_city,50 min
"–ú–æ—Å–∫–≤–∞ –≤ —Å–µ—Ä–¥—Ü–µ | –Ω–æ–≤–æ—Å—Ç–∏, –∞—Ñ–∏—à–∞",–õ—É—á—à–∏–π –ø–∞–±–ª–∏–∫ –æ –∂–∏–∑–Ω–∏ –≤ —Å—Ç–æ–ª–∏—Ü–µ,23238,https://tgstat.ru/en/chat/@moscowhearts,moscowhearts,https://t.me/moscowhearts,64 min
–ü–∏—Ç–µ—Ä —Å–µ–≥–æ–¥–Ω—è —á–∞—Ç,"Ô∏è–†–∞–∑–±–ª–æ–∫–∏—Ä–æ–≤–∫–∞ –≤ —á–∞—Ç–µ –ø–ª–∞—Ç–Ω–∞—è, –æ–±—Ä–∞—â–∞–π—Ç–µ—Å—å —Å—é–¥–∞ ‚Äî  @mostodaysupportbot",21812,https://tgstat.ru/en/chat/@spbtodaychat,spbtodaychat,https://t.me/spbtodaychat,22 min
–ù–æ–≤–æ—Å—Ç–Ω–æ–π —á–∞—Ç 18+,–ù–∞—à –∫–∞–Ω–∞–ª: t.me/zhestnovosty,21757,https://tgstat.ru/en/chat/@chatzvz,chatzvz,https://t.me/chatzvz,49 min
–ß–∞—Ç –ú–æ–π –∏ —Ç–≤–æ–π –í–æ—Ä–æ–Ω–µ–∂,–£—é—Ç–Ω—ã–π –≤–æ—Ä–æ–Ω–µ–∂—Å–∫–∏–π —á–∞—Ç–∏–∫. –î–æ–±–∞–≤–ª—è–π –¥—Ä—É–∑–µ–π!,20328,https://tgstat.ru/en/chat/@vrn_chatt,vrn_chatt,https://t.me/vrn_chatt,51 min
–ß–∞—Ç –ß–ü –ö—Ä–∞—Å–Ω–æ–¥–∞—Ä–∞ üîû,–ß–ü –ö—Ä–∞—Å–Ω–æ–¥–∞—Ä–∞ –∏ –∫—Ä–∞—è,20080,https://tgstat.ru/en/chat/@chpkrasnodara_chat,chpkrasnodara_chat,https://t.me/chpkrasnodara_chat,51 min
–ú–°–ö –Ω—å—é—Å,–ù–æ–≤–æ—Å—Ç–∏ –ú–æ—Å–∫–≤—ã,20000,https://tgstat.ru/en/chat/@moskw_news,moskw_news,https://t.me/moskw_news,54 min
–°–µ–ª—å—Å–∫–æ–µ —Ö–æ–∑—è–π—Å—Ç–≤–æ,–°–µ–ª—å—Å–∫–æ–µ —Ö–æ–∑—è–π—Å—Ç–≤–æ –†–æ—Å—Å–∏–∏ –ê–≥—Ä–æ–ø—Ä–æ–º –ü–∏—â–µ–≤–∞—è –ø—Ä–æ–º—ã—à–ª–µ–Ω–Ω–æ—Å—Ç—å –†–æ—Å—Å–∏–∏ –ö–§–• –ö—Ä–µ—Å—Ç—å—è–Ω—Å–∫–æ–µ —Ñ–µ—Ä–º–µ—Ä—Å–∫–æ–µ —Ö–æ–∑—è–π—Å—Ç–≤–æ –∞–≥—Ä–æ –∑–µ—Ä–Ω–æ —Å–µ–ª—å—Ö–æ–∑ –∞–≥—Ä–æ–Ω–æ–º–∏—è,19777,https://tgstat.ru/en/chat/@selskoe_hozyajstvo,selskoe_hozyajstvo,https://t.me/selskoe_hozyajstvo,2 hours
–ö—Ä–∞—Å–Ω–æ–¥–∞—Ä –∏ –∫—Ä–∞–π,–ß–∞—Ç –ö—Ä–∞—Å–Ω–æ–¥–∞—Ä –∏ –ö—Ä–∞–π,19305,https://tgstat.ru/en/chat/@krasnodarkray_chat,krasnodarkray_chat,https://t.me/krasnodarkray_chat,50 min
–Ø ‚ô•Ô∏è –õ–ê–ó–ê–†–ï–í–°–ö–û–ï,"–†–∞–∑–º–µ—Å—Ç–∏—Ç—å —Ä–µ–∫–ª–∞–º—É –∏–ª–∏ –Ω–æ–≤–æ—Å—Ç—å –Ω–∞ –ª—é–±—ã—Ö –Ω–∞—à–∏—Ö –∫–∞–Ω–∞–ª–∞—Ö, –ø–∏—à–∏—Ç–µ —Å—é–¥–∞",19000,https://tgstat.ru/en/chat/@love_laza,love_laza,https://t.me/love_laza,69 min
–ë–∞—à–î–¢–ü –£—Ñ–∞,–†–µ–∫–ª–∞–º–∞ @smm702,18847,https://tgstat.ru/en/chat/@bashdp,bashdp,https://t.me/bashdp,2 hours
–ë–ï–°–•–û–ó–Ø–ô–ù–û–ï –ñ–ò–õ–¨–ï –í –ú–ê–†–ò–£–ü–û–õ–ï,–ò–Ω—Ñ–æ—Ä–º–∞—Ü–∏—è –ø–æ –≤–æ–ø—Ä–æ—Å–∞–º –±–µ—Å—Ö–æ–∑—è–π–Ω–æ–≥–æ –∂–∏–ª—å—è –≤ –ú–∞—Ä–∏—É–ø–æ–ª–µ,18066,https://tgstat.ru/en/chat/@mrpl_besxozxata,mrpl_besxozxata,https://t.me/mrpl_besxozxata,15 hours
–ü–û–î–°–õ–£–®–ê–ù–û –°–æ—á–∏ üå¥,"–í–°–ï –í–û–ü–†–û–°–´ –ü–û –†–ê–ó–ú–ï–©–ï–ù–ò–Æ –†–ï–ö–õ–ê–ú–´ –Ω–∞ –ª—é–±—ã—Ö –Ω–∞—à–∏—Ö –∫–∞–Ω–∞–ª–∞—Ö, –ø–∏—à–∏—Ç–µ",17766,https://tgstat.ru/en/chat/@podslushano_sochi1,podslushano_sochi1,https://t.me/podslushano_sochi1,20 hours
–ü–µ—Ä–µ–∫–ª–∏—á–∫–∞ –ø–æ —Ä–∞–π–æ–Ω–∞–º –î–ù–† (–û—Ç –°–≤–æ–¥–∫–∞ –î–æ–Ω–µ—Ü–∫–∞),–ù–∞—à –æ—Å–Ω–æ–≤–Ω–æ–π –∫–∞–Ω–∞–ª: t.me/donetsksv,17206,https://tgstat.ru/en/chat/@svodkadnrr,svodkadnrr,https://t.me/svodkadnrr,4 hours
–ú–æ—Å–∫–≤–∞—á ‚Ä¢ Premium-—á–∞—Ç,–ß–∞—Ç –∫–∞–Ω–∞–ª–∞ @moscowach. –í—Ö–æ–¥ —Ç–æ–ª—å–∫–æ —Å –ø–æ–¥–ø–∏—Å–∫–æ–π Telegram Premium,16713,https://tgstat.ru/en/chat/@mskpremium,mskpremium,https://t.me/mskpremium,47 min
–ñ–ö –ò–ª—å–∏–Ω—Å–∫–∏–µ –õ—É–≥–∞,–ú–∞—Ç –≤ –ª—é–±–æ–º –≤–∏–¥–µ - –±–∞–Ω,16457,https://tgstat.ru/en/chat/@ilpik,ilpik,https://t.me/ilpik,54 min
–ú–æ—Å–∫–≤–∞ —Å–µ–π—á–∞—Å —á–∞—Ç,"Ô∏è–†–∞–∑–±–ª–æ–∫–∏—Ä–æ–≤–∫–∞ –≤ —á–∞—Ç–µ, –æ–±—Ä–∞—â–∞–π—Ç–µ—Å—å —Å—é–¥–∞ ‚Äî  @mostodaysupportbot",16356,https://tgstat.ru/en/chat/@moscowowchat,moscowowchat,https://t.me/moscowowchat,49 min
–ß–∞—Ç –ü–µ—Ä–º—å,–ß–∞—Ç –¥–ª—è –ø–æ–∏—Å–∫–∞ –∏ –ø—É–±–ª–∏–∫–∞—Ü–∏–∏ –∏–Ω—Ñ–æ—Ä–º–∞—Ü–∏–∏ –Ω–∞ —Ç–µ—Ä—Ä–∏—Ç–æ—Ä–∏–∏ –ü–µ—Ä–º–∏,16004,https://tgstat.ru/en/chat/@perm_chat_gruppa,perm_chat_gruppa,https://t.me/perm_chat_gruppa,4 hours
–°–µ–ª—å—Ö–æ–∑ –∏ –∞–≥—Ä–æ–ø—Ä–æ–º,–°–µ–ª—å—Ö–æ–∑ –∏ –ê–≥—Ä–æ–ø—Ä–æ–º –°–µ–ª—å—Å–∫–æ–µ —Ö–æ–∑—è–π—Å—Ç–≤–æ –†–æ—Å—Å–∏–∏ –ü–∏—â–µ–≤–∞—è –ø—Ä–æ–º—ã—à–ª–µ–Ω–Ω–æ—Å—Ç—å –†–æ—Å—Å–∏–∏ –ö–§–•,15138,https://tgstat.ru/en/chat/@selhoz_agroprom,selhoz_agroprom,https://t.me/selhoz_agroprom,2 hours
–ß–∞—Ç –∂–∏—Ç–µ–ª–µ–π –î–µ—Ä–±–µ–Ω—Ç,–î–µ—Ä–±–µ–Ω—Ç—Å–∫–æ–µ —Å–æ–æ–±—â–µ—Å—Ç–≤–æ.,15018,https://tgstat.ru/en/chat/@derbentchat,derbentchat,https://t.me/derbentchat,45 min
–ß–∞—Ç Fontanka,–ï—Å—Ç—å –Ω–æ–≤–æ—Å—Ç—å? –ü–∏—à–∏ —Å—é–¥–∞ @fontanka_reporter_bot,14761,https://tgstat.ru/en/chat/@fontanka_chat,fontanka_chat,https://t.me/fontanka_chat,46 min
–ß–ü-–°–û–ß–ò,–ü–†–ï–î–õ–û–ñ–ò–¢–¨ –ù–û–í–û–°–¢–¨ –∏–ª–∏ –†–ï–ö–õ–ê–ú–£,14565,https://tgstat.ru/en/chat/@chp_sochi2,chp_sochi2,https://t.me/chp_sochi2,20 hours
–ó–∞ –ü–æ–±–µ–¥—É,–ü–æ–º–æ—â—å –∞—Ä–º–∏–∏ –†–§ @Olesia31z –æ–±—Ä–∞—Ç–Ω–∞—è —Å–≤—è–∑—å,14324,https://tgstat.ru/en/chat/@zapobedybelgorod,zapobedybelgorod,https://t.me/zapobedybelgorod,2 hours
–ö–∞–∑–∞–Ω—å,,14253,https://tgstat.ru/en/chat/@kzn_inf,kzn_inf,https://t.me/kzn_inf,3 hours
–ö–∞–∑–∞–Ω—å News,–†–µ–∫–ª–∞–º–∞ –≤ –≥—Ä—É–ø–ø–µ @Natashamx,14116,https://tgstat.ru/en/chat/@kzn_news_24,kzn_news_24,https://t.me/kzn_news_24,29 hours
–ß–∞—Ç –ò–Ω—Ü–∏–¥–µ–Ω—Ç –ö—É–∑–±–∞—Å—Å,–°—Å—ã–ª–∫–∞ –Ω–∞ –≥—Ä—É–ø–ø—É –ò–ö https://t.me/+sbG3vCGOLngzMjhi,13957,https://tgstat.ru/en/chat/@incident_kuzbass_chat,incident_kuzbass_chat,https://t.me/incident_kuzbass_chat,52 min
–ù–æ–≤–æ—Å—Ç–∏ –ö–∞–∑–∞–Ω–∏,–†–µ–∫–ª–∞–º–∞ –≤ –≥—Ä—É–ø–ø–µ @Natashamx1,13569,https://tgstat.ru/en/chat/@kzn_111,kzn_111,https://t.me/kzn_111,43 min
–í–æ—Å–∫—Ä–µ—Å–µ–Ω—Å–∫ –û–Ω–ª–∞–π–Ω,–ß—Ç–æ–±—ã –≤–∞—Å –ø—Ä–∏–Ω—è–ª–∏ –≤ —ç—Ç—É –≥—Ä—É–ø–ø—É –Ω–∞–¥–æ —Å–Ω–∞—á–∞–ª–∞ –æ–±—è–∑–∞—Ç–µ–ª—å–Ω–æ –ø–æ–¥–ø–∏—Å–∞—Ç—å—Å—è –Ω–∞ –∫–∞–Ω–∞–ª @vskonline,13483,https://tgstat.ru/en/chat/@vosonline1,vosonline1,https://t.me/vosonline1,51 min
–ö–∞–∑–∞–Ω—å –Ω–æ–≤–æ—Å—Ç–∏ –¥–Ω—è,–†–µ–∫–ª–∞–º–∞ –≤ –≥—Ä—É–ø–ø–µ @Natashamx1,13202,https://tgstat.ru/en/chat/@k_z_n116_z,k_z_n116_z,https://t.me/k_z_n116_z,3 hours
–¢—Ä—ç—à Chat –£–ª—å—è–Ω–æ–≤—Å–∫ –∏ –£–û,–ü—Ä–∏—Å–ª–∞—Ç—å –Ω–æ–≤–æ—Å—Ç—å –±–æ—Ç—É - @trash73_bot,13054,https://tgstat.ru/en/chat/@treshchat_ulyanovsk,treshchat_ulyanovsk,https://t.me/treshchat_ulyanovsk,48 min
ReadovChat,–ß–∞—Ç –†–∏–¥–æ–≤–∫–∏ @readovkanews,12891,https://tgstat.ru/en/chat/@readovchat,readovchat,https://t.me/readovchat,48 min
–õ—É–≥–∞–Ω—Å–∫&–°–æ–±—ã—Ç–∏—è,"–í –Ω–∞—à–µ–π –≥—Ä—É–ø–ø–µ –¥–µ–ª–∏–º—Å—è –Ω–æ–≤–æ—Å—Ç—è–º–∏,  –æ–±—Å—Ç–∞–Ω–æ–≤–∫–æ–π –≤ –õ—É–≥–∞–Ω—Å–∫–µ                                                       –°–≤—è–∑—å —Å –∞–¥–º–∏–Ω–æ–º: Ô∏è  @luganskGroup_bot",12740,https://tgstat.ru/en/chat/@nash_lugansk,nash_lugansk,https://t.me/nash_lugansk,54 min
–í—è—á–µ—Å–ª–∞–≤ –ö–≤–æ–Ω Chat,"–î—Ä—É–∑—å—è, –ø—Ä–∏–≤–µ—Ç—Å—Ç–≤—É—é –≤—Å–µ—Ö –≤ –º–æ–µ–º —á–∞—Ç–µ! –ó–¥–µ—Å—å —É –≤–∞—Å –µ—Å—Ç—å –≤–æ–∑–º–æ–∂–Ω–æ—Å—Ç—å –æ—Å—Ç–∞–≤–∏—Ç—å –∫–æ–º–º–µ–Ω—Ç–∞—Ä–∏–π –∏–ª–∏ –∑–∞–¥–∞—Ç—å –≤–æ–ª–Ω—É—é—â–∏–µ –≤–∞—Å –≤–æ–ø—Ä–æ—Å—ã –æ –∂–∏–∑–Ω–∏ –≤ –ê—Ä—Ç—ë–º–µ, –ø–ª–∞–Ω–∞—Ö –∏–ª–∏ –Ω–∞—à–µ–π —Ä–∞–±–æ—Ç–µ. –ù–∞–¥–µ—é—Å—å –Ω–∞ –∫–æ–Ω—Å—Ç—Ä—É–∫—Ç–∏–≤–Ω—ã–π –¥–∏–∞–ª–æ–≥ –∏ —ç—Ñ—Ñ–µ–∫—Ç–∏–≤–Ω—É—é –æ–±—Ä–∞—Ç–Ω—É—é —Å–≤—è–∑—å",12513,https://tgstat.ru/en/chat/@vyacheslav_kwon_chat,vyacheslav_kwon_chat,https://t.me/vyacheslav_kwon_chat,47 min
Mylubertsy¬ÆÔ∏è –ß–∞—Ç ‚Ä¢ –õ—é–±–µ—Ä—Ü—ã,–ì–ª–∞–≤–Ω—ã–π —á–∞—Ç –≥–æ—Ä–æ–¥–∞ –õ—é–±–µ—Ä—Ü—ã,12303,https://tgstat.ru/en/chat/@mylubertsychat,mylubertsychat,https://t.me/mylubertsychat,53 min
–õ—é–±–µ—Ä—Ü—ã 24,"–õ—é–±–µ—Ä—Ü—ã –ª—é–±–∏–º—ã–π –≥–æ—Ä–æ–¥, —Ç—É—Ç –í—ã –Ω–∞–π–¥—ë—Ç–µ –≤—Å–µ–≥–¥–∞ —Å–≤–µ–∂–∏–µ –Ω–æ–≤–æ—Å—Ç–∏ –∏ –Ω–µ–º–Ω–æ–∂–∫–æ —é–º–æ—Ä–∞!",12219,https://tgstat.ru/en/chat/@lyubertsy_1,lyubertsy_1,https://t.me/lyubertsy_1,4 hours
–°–æ—á–∏-–ê–¥–ª–µ—Ä –∫–∞–Ω–∞–ª - (it –¥–æ–ª–∏–Ω–∞),"–ö–∞–Ω–∞–ª —Ç–≤–æ—Ä—á–µ—Å–∫–∏–π –ø–æ—Ç–µ–Ω—Ü–∏–∞–ª ! –¥–ª—è –≤—ã—Å–∫–∞–∑—ã–≤–∞–Ω–∏—è –º—ã—Å–ª–µ–π, –ø–æ–∏—Å–∫–∞ –µ–¥–∏–Ω–æ–º—ã—à–ª–µ–Ω–Ω–∏–∫–æ–≤, –≤–æ–ª–æ–Ω—Ç–µ—Ä–æ–≤ –∏ –ø—Ä–æ—Å—Ç–æ —Ö–æ—Ä–æ—à–∏—Ö –ª—é–¥–µ–π) —Å–≤–µ—Ç–ª—ã–µ –∏–¥–µ–∏ –ø—Ä–∏–≤–µ—Ç—Å—Ç–≤—É—é—Ç—Å—è IT –î–æ–ª–∏–Ω–∞ –†–æ—Å—Å–∏–∏.",12149,https://tgstat.ru/en/chat/@sochiworld,sochiworld,https://t.me/sochiworld,3 hours
"–ó–ê–ü–û–õ–Ø–†–ù–ê–Ø - –ñ–ö –°–ª–∞–≤—è–Ω–∫–∞, –ñ–ö –Ω–∞ –ö—Ä–∞—Å–Ω—ã—Ö –ü–∞—Ä—Ç–∏–∑–∞–Ω, –ñ–ö –°—Ç—É–¥–∏—è 45, –ö–†–ê–°–ù–û–î–ê–†",‚Äç‚Äç‚Äç –ß–∞—Ç —Å–æ—Å–µ–¥–µ–π –Ω–∞ —É–ª. –ó–ê–ü–û–õ–Ø–†–ù–ê–Ø,11880,https://tgstat.ru/en/chat/@zapolyarka,zapolyarka,https://t.me/zapolyarka,72 min
Gulag Chat,,11874,https://tgstat.ru/en/chat/@gulagchat,gulagchat,https://t.me/gulagchat,45 min
–ñ–ö –ò–º–ø–µ—Ä–∞—Ç–æ—Ä—Å–∫–∏–µ –ú—ã—Ç–∏—â–∏,"–ß–∞—Ç –§–æ—Ä—É–º –¥–æ–ª—å—â–∏–∫–æ–≤, —Å–æ—Å–µ–¥–µ–π –ñ–ö –ò–º–ø–µ—Ä–∞—Ç–æ—Ä—Å–∫–∏–µ –ú—ã—Ç–∏—â–∏. –û—Ç–∑—ã–≤—ã –æ –ñ–ö. –ù–µ–∑–∞–≤–∏—Å–∏–º–∞—è –≥—Ä—É–ø–ø–∞.",11704,https://tgstat.ru/en/chat/@imperatorskie_mytishi_zhk,imperatorskie_mytishi_zhk,https://t.me/imperatorskie_mytishi_zhk,45 min
–ß–∞—Ç –°–≤–µ—Ç38,,11579,https://tgstat.ru/en/chat/@svet38chat,svet38chat,https://t.me/svet38chat,51 min
–ê–ì–°_–†—É—Å—Å–∫–æ–≥–æ_–î–æ–Ω–±–∞—Å—Å–∞ Chat,–û–±—â–∞–µ–º—Å—è –∏ —Å–æ–æ–±—â–∞–µ–º –æ–±—Å—Ç–∞–Ω–æ–≤–∫—É –ø–æ –õ–î–ù–†,11467,https://tgstat.ru/en/chat/@ags_chat123,ags_chat123,https://t.me/ags_chat123,58 min
–ü–ì–¢ –ì–æ–ª—É–±–æ–µ,"–†–µ–∫–ª–∞–º–∞, –ø—Ä–æ–¥–∞–∂–∏ -  (—Ç–æ–ª—å–∫–æ –≤ —Å–æ–æ—Ç–≤–µ—Ç—Å—Ç–≤—É—é—â–µ–º —Ä–∞–∑–¥–µ–ª–µ)",11285,https://tgstat.ru/en/chat/@goluboevillag,goluboevillag,https://t.me/goluboevillag,49 min
–ì–æ—Ä–æ–¥ –°—Ç–∞—Ö–∞–Ω–æ–≤. –ß–ê–¢,–ù–∞—Å—Ç–æ—è—Ç–µ–ª—å–Ω–æ —Ä–µ–∫–æ–º–µ–Ω–¥—É–µ–º –æ–∑–Ω–∞–∫–æ–º–∏—Ç—å—Å—è —Å –ø—Ä–∞–≤–∏–ª–∞–º–∏ –≥—Ä—É–ø–ø—ã –ø–æ –∫–æ–º–∞–Ω–¥–µ /rules,11257,https://tgstat.ru/en/chat/@stakhanovvv,stakhanovvv,https://t.me/stakhanovvv,51 min
–†–∞–π–æ–Ω—ã –õ—É–≥–∞–Ω—Å–∫–∞,,11241,https://tgstat.ru/en/chat/@rayonlnr,rayonlnr,https://t.me/rayonlnr,2 hours
–®–¢–û–†–ú Z/–®–¢–û–†–ú V/–ú–û–ë–ò–ö –í–ê–ñ–ù–û–ï,@vswarvs - –û—Å–Ω–æ–≤–Ω–∞—è –≥—Ä—É–ø–ø–∞ —Å –∏–Ω—Ñ–æ–π,10944,https://tgstat.ru/en/chat/@vswarvs,vswarvs,https://t.me/vswarvs,74 min
–ú–æ—Å–∫–≤–∞ || –ê—Ñ–∏—à–∞ –î—É—Ö–æ–≤–Ω—ã—Ö –ø—Ä–∞–∫—Ç–∏–∫,–ü–æ –≤—Å–µ–º –≤–æ–ø—Ä–æ—Å–∞–º —Ä–∞–∑–º–µ—â–µ–Ω–∏—è –ø–∏—Å–∞—Ç—å –∞–¥–º–∏–Ω—É @eliz_mngr,10936,https://tgstat.ru/en/chat/@moscowduhovnayafisha,moscowduhovnayafisha,https://t.me/moscowduhovnayafisha,2 days
–ß–∞—Ç - –ò–Ω—Ñ–æ—Ä–º–∞—Ü–∏–æ–Ω–Ω—ã–π —Ü–µ–Ω—Ç—Ä –°–ö –†–æ—Å—Å–∏–∏,,10921,https://tgstat.ru/en/chat/@infocentrskrfchat,infocentrskrfchat,https://t.me/infocentrskrfchat,49 min
–õ–ò–ù–ö–û –§–û–†–£–ú –õ–∞–±–æ—Ä–∞—Ç–æ—Ä–∏–∏ –ê–∫–∫—Ä–µ–¥–∏—Ç–∞—Ü–∏—è,–ü–ª–∞—Ç—Ñ–æ—Ä–º–∞ –¥–ª—è –ª–∞–±–æ—Ä–∞—Ç–æ—Ä–∏–π. –ê–∫–∫—Ä–µ–¥–∏—Ç–∞—Ü–∏—è –ª–∞–±–æ—Ä–∞—Ç–æ—Ä–∏–π. –í–æ–ø—Ä–æ—Å—ã –¥–µ—è—Ç–µ–ª—å–Ω–æ—Å—Ç–∏ –ª–∞–±–æ—Ä–∞—Ç–æ—Ä–∏–π. https://linqo.ru,10788,https://tgstat.ru/en/chat/@lincoforum,lincoforum,https://t.me/lincoforum,48 min
–ß–ê–¢ –ñ–ö –í–ï–†–ï–°–ê–ï–í–û,–ü–æ –í–°–ï–ú –≤–æ–ø—Ä–æ—Å–∞–º –ø–∏—Å–∞—Ç—å —Å—é–¥–∞ ‚§µÔ∏è,10787,https://tgstat.ru/en/chat/@veresaevoo,veresaevoo,https://t.me/veresaevoo,76 min
–ö–ª–∏–ΩZ–¥–µ—Å—å,"–ß–∞—Ç —Å–æ–∑–¥–∞–Ω –ø–æ –∏–Ω–∏—Ü–∏–∞—Ç–∏–≤–µ –ê–¥–º–∏–Ω–∏—Å—Ç—Ä–∞—Ü–∏–∏ –≥–æ—Ä–æ–¥—Å–∫–æ–≥–æ –æ–∫—Ä—É–≥–∞ –ö–ª–∏–Ω –ú–æ—Å–∫–æ–≤—Å–∫–æ–π –æ–±–ª–∞—Å—Ç–∏ –¥–ª—è –æ–ø–µ—Ä–∞—Ç–∏–≤–Ω–æ–π –∫–æ–º–º—É–Ω–∏–∫–∞—Ü–∏–∏ –∂–∏—Ç–µ–ª–µ–π —Å –ø—Ä–µ–¥—Å—Ç–∞–≤–∏—Ç–µ–ª—è–º–∏ –æ—Ä–≥–∞–Ω–æ–≤ –º–µ—Å—Ç–Ω–æ–≥–æ —Å–∞–º–æ—É–ø—Ä–∞–≤–ª–µ–Ω–∏—è –∏ –ø–æ–º–æ—â–∏ –≤ —Ä–µ—à–µ–Ω–∏–∏ –≤–æ–ø—Ä–æ—Å–æ–≤, –Ω–∞—Ö–æ–¥—è—â–∏—Ö—Å—è –≤ –∫–æ–º–ø–µ—Ç–µ–Ω—Ü–∏–∏ –ê–¥–º–∏–Ω–∏—Å—Ç—Ä–∞—Ü–∏–∏.",10675,https://tgstat.ru/en/chat/@klintut,klintut,https://t.me/klintut,46 min
–Æ–ì TRAVEL üèñÔ∏è Chat,"–ß–∞—Ç –∫–∞–Ω–∞–ª–∞ @Yug_Travel , —Ä–µ–∫–ª–∞–º–∞ –∑–∞–ø—Ä–µ—â–µ–Ω–∞.",10558,https://tgstat.ru/en/chat/id1613329227,1613329227,https://t.me/1613329227,2 hours
–°–∞–ª–º–∞—á–∏ - –ö—É—é–∫–∏ | –ß–∞—Ç,–û–±—â–∞—è –≥—Ä—É–ø–ø–∞ –¥.–ö—É—é–∫–∏ –∏ –ø.–°–∞–ª–º–∞—á–∏ –∏ –±–ª–∏–∑–ª–µ–∂–∞—â–∏—Ö –ø–æ—Å—ë–ª–∫–æ–≤ –∏ –ñ–ö.,10082,https://tgstat.ru/en/chat/@salmachi_online_chat,salmachi_online_chat,https://t.me/salmachi_online_chat,47 min
–ù–æ–≥–∏–Ω—Å–∫ –ë–æ–≥–æ—Ä–æ–¥—Å–∫,–ó–¥—Ä–∞–≤—Å—Ç–≤—É–π—Ç–µ –¥–æ—Ä–æ–≥–∏–µ –ñ–∏—Ç–µ–ª–∏ –∏ –≥–æ—Å—Ç–∏ –ø—Ä–µ–∫—Ä–∞—Å–Ω–æ–≥–æ –ë–æ–≥–æ—Ä–æ–¥—Å–∫–æ–≥–æ –æ–∫—Ä—É–≥–∞ .,10002,https://tgstat.ru/en/chat/@noginsk150,noginsk150,https://t.me/noginsk150,2 hours
–ì–æ—Ä–æ–¥—Å–∫–æ–π –ß–∞—Ç NorilskToday 18+,–°–∞–º—ã–π –∫—Ä—É–ø–Ω—ã–π —á–∞—Ç –ù–æ—Ä–∏–ª—å—Å–∫–∞!–¢–æ–ª—å–∫–æ –¥–ª—è –∂–∏—Ç–µ–ª–µ–π 18+,9995,https://tgstat.ru/en/chat/@norilsk4at,norilsk4at,https://t.me/norilsk4at,49 min
–ì–µ–Ω–∏—á–µ—Å–∫ –≤ –¢–µ–º–µ,,9805,https://tgstat.ru/en/chat/@genichescvteme,genichescvteme,https://t.me/genichescvteme,64 min
–°–æ–ª–Ω—Ü–µ–≤–æ –æ–Ω–ª–∞–π–Ω –ß–∞—Ç,–ß–∞—Ç–∏–∫ solncevo_online,9725,https://tgstat.ru/en/chat/@solncevo_online,solncevo_online,https://t.me/solncevo_online,46 min
–ù–∞–≥–∞–µ–≤–æ.–∏–Ω—Ñ–æ,–ß–∞—Ç—ã -  https://telegra.ph/Spisok-chatov-10-05,9599,https://tgstat.ru/en/chat/@nagaevo_info,nagaevo_info,https://t.me/nagaevo_info,53 min
–ù—å—é—Å–∞—á/–î–≤–∞—á - —Ä–µ–¥–∞–∫—Ü–∏—è,–ù–æ–≤–æ—Å—Ç–∏,9547,https://tgstat.ru/en/chat/@ru2chnews,ru2chnews,https://t.me/ru2chnews,46 min
–ù–∞—à –ö–ª–∏–º–æ–≤—Å–∫,–í —á–∞—Ç–µ –ø—Ä–∏—Å—É—Ç—Å—Ç–≤—É—é—Ç –ø—Ä–µ–¥—Å—Ç–∞–≤–∏—Ç–µ–ª–∏ –∞–¥–º–∏–Ω–∏—Å—Ç—Ä–∞—Ü–∏–∏ –≥.–æ. –ü–æ–¥–æ–ª—å—Å–∫ –∏ –ø—Ä–∞–≤–∏—Ç–µ–ª—å—Å—Ç–≤–∞ –ú–æ—Å–∫–æ–≤—Å–∫–æ–π –æ–±–ª–∞—Å—Ç–∏.,9352,https://tgstat.ru/en/chat/@nash_klimovsk,nash_klimovsk,https://t.me/nash_klimovsk,48 min
–Ø–º–µ–Ω—Å–∫–æ–≤ –ê–ª–µ–∫—Å–∞–Ω–¥—Ä –ò–≤–∞–Ω–æ–≤–∏—á | –ó–∞–º–µ—Å—Ç–∏—Ç–µ–ª—å –≥–ª–∞–≤—ã –ù–æ–≤–æ—Ä–æ—Å—Å–∏–π—Å–∫–∞,,9347,https://tgstat.ru/en/chat/@yamenskov_a_i,yamenskov_a_i,https://t.me/yamenskov_a_i,32 days
–ß–∞—Ç –±–æ–ª—å—à–æ–π –≤–æ—Ä–æ–Ω–µ–∂—Å–∫–∏–π,–ü–æ–¥–µ–ª–∏—Ç—å—Å—è –Ω–æ–≤–æ—Å—Ç—å—é/—Å–≤—è–∑—å —Å –∞–¥–º–∏–Ω–æ–º: @FirstVoronezh_bot,9314,https://tgstat.ru/en/chat/@voronezh_news_chat,voronezh_news_chat,https://t.me/voronezh_news_chat,51 min
–°–û–õ–ò–ö–ê–ú–°–ö LIVE [—á–∞—Ç],–°—Å—ã–ª–∫—É –Ω–∞ —á–∞—Ç –æ—Ç–ø—Ä–∞–≤–ª—è–π—Ç–µ –¥—Ä—É–∑—å—è–º –∏–ª–∏ –≤–æ—Å–ø–æ–ª—å–∑—É–π—Ç–µ—Å—å —Ñ—É–Ω–∫—Ü–∏–µ–π ¬´–î–æ–±–∞–≤–∏—Ç—å —É—á–∞—Å—Ç–Ω–∏–∫–æ–≤¬ª,9259,https://tgstat.ru/en/chat/@solikamsk_live_chat,solikamsk_live_chat,https://t.me/solikamsk_live_chat,41 min
–ö—Ä–∞—Å–Ω–æ–∑–Ω–∞–º–µ–Ω—Å–∫ üíñ –ß–∞—Ç,–†–µ–∫–ª–∞–º–∞ –≤ –≥—Ä—É–ø–ø–µ: @v_krasnoznamenske_ru,9191,https://tgstat.ru/en/chat/@vkrasnoznamenske_ru,vkrasnoznamenske_ru,https://t.me/vkrasnoznamenske_ru,45 min
TOPOR,–ß–∞—Ç –∑–∞–∫—Ä—ã—Ç. –ù–∞—à –æ—Å–Ω–æ–≤–Ω–æ–π –∫–∞–Ω–∞–ª ‚Äî https://t.me/+BwU7U4PI27k2OTNi,9175,https://tgstat.ru/en/chat/@topor18,topor18,https://t.me/topor18,15 hours
–ê—á–∏–Ω—Ü—ã,,9154,https://tgstat.ru/en/chat/@achinsk_town,achinsk_town,https://t.me/achinsk_town,48 min
