name,description,subscribers,url,username,last_post
–ú–æ—Å–∫–≤–∞—á ‚Ä¢ –ù–æ–≤–æ—Å—Ç–∏ –ú–æ—Å–∫–≤—ã,–õ—É—á—à–∏–π –∫–∞–Ω–∞–ª –æ –ú–æ—Å–∫–≤–µ,4527402,#,#,71 min
–ü—Ä—è–º–æ–π –≠—Ñ–∏—Ä ‚Ä¢ –ù–æ–≤–æ—Å—Ç–∏,–í—Å–µ —Å–∞–º–æ–µ –≤–∞–∂–Ω–æ–µ –≤ –æ–¥–Ω–æ–º –∫–∞–Ω–∞–ª–µ.,4446913,#,#,44 min
–¢–æ–ø–æ—Ä Live,"–ù–µ–π—Ç—Ä–∞–ª—å–Ω–æ, –±–µ–∑ –ø—Ä–æ–ø–∞–≥–∞–Ω–¥—ã. –¢–æ–ø–æ—Ä Live —Å –±—ã—Å—Ç—Ä—ã–º–∏ –Ω–æ–≤–æ—Å—Ç—è–º–∏.",4052372,#,#,28 min
–†–ò–ê –ù–æ–≤–æ—Å—Ç–∏,–ì–ª–∞–≤–Ω—ã–µ –ù–æ–≤–æ—Å—Ç–∏ –†–ò–ê,3344508,#,#,27 min
–°–ú–ò –†–æ—Å—Å–∏—è –Ω–µ –ú–æ—Å–∫–≤–∞,–≠—Ä—É–∫—Ç–∞—Ü–∏–∏ –∏–Ω—Ñ–æ—Ä–º–ø—Ä–æ—Å—Ç—Ä–∞–Ω—Å—Ç–≤–∞ –†–æ—Å—Å–∏–∏ –∏ –µ–µ –û–∫—Ä–∞–∏–Ω.,3211245,#,#,38 min
Mash,"–ü—Ä–∏—Å–ª–∞—Ç—å –Ω–æ–≤–æ—Å—Ç—å, —Ñ–æ—Ç–æ, –≤–∏–¥–µ–æ, –∞—É–¥–∏–æ, –±–µ—Ä–µ—Å—Ç—É: @in_mash_bot",3197880,#,#,100 min
–¢—Ä—É—Ö–∞‚ö°Ô∏è–£–∫—Ä–∞—ó–Ω–∞,Ô∏è–ê–∫—Ç—É–∞–ª—å–Ω—ñ –ø–æ–¥—ñ—ó –£–∫—Ä–∞—ó–Ω–∏.,2746350,#,#,22 min
Readovka,—Ä–ò–¥–æ–≤–∫–∞ - —Ä–µ–∞–ª—å–Ω—ã–µ –Ω–æ–≤–æ—Å—Ç–∏,2713566,#,#,2 hours
–ù–∏–∫–æ–ª–∞–µ–≤—Å–∫–∏–π –í–∞–Ω—ë–∫,–ó–¥–µ—Å—å –ø–∏—à—É –ò–°–ö–õ–Æ–ß–ò–¢–ï–õ–¨–ù–û —Å–≤–æ—ë –º–Ω–µ–Ω–∏–µ.,2629489,#,#,3 hours
–ú–æ—Å–∫–≤–∞ Live,"–ü–æ–¥–ø–∏—à–∏—Å—å, —á—Ç–æ–±—ã –Ω–µ –ø–æ—Ç–µ—Ä—è—Ç—å.",2294661,#,#,75 min
–ù–æ–≤–æ—Å—Ç–∏ –ú–æ—Å–∫–≤—ã,‚ÄçÔ∏è –°–∞–º—ã–π —á–∏—Ç–∞–µ–º—ã–π –∫–∞–Ω–∞–ª –æ –ú–æ—Å–∫–≤–µ,2164573,#,#,85 min
–ü—Ä–∞–≤–¥–∏–≤–æ—Å—Ç–∏,"–ù–æ–≤–æ—Å—Ç–∏ —Ä–∞–Ω—å—à–µ –≤—Å–µ—Ö, –Ω—É –ø–æ—á—Ç–∏.",1956643,#,#,27 min
–†–∞–Ω—å—à–µ –≤—Å–µ—Ö. –ù—É –ø–æ—á—Ç–∏.,–î–ª—è –ø—Ä–µ–¥–ª–æ–∂–µ–Ω–∏–π: rvnp@protonmail.ch,1915341,#,#,33 min
–ü–µ—Ä–≤—ã–π –ú–æ—Å–∫–æ–≤—Å–∫–∏–π,–ü–µ—Ä–≤—ã–π –∫–∞–Ω–∞–ª –æ –ú–æ—Å–∫–≤–µ.,1856863,#,#,80 min
–ú–æ—Å–∫–≤–∞—á+,–í—Ç–æ—Ä–æ–π –ª—É—á—à–∏–π –∫–∞–Ω–∞–ª –æ –ú–æ—Å–∫–≤–µ,1810789,#,#,40 min
Baza,–ü—Ä–∞–≤–¥–∞ –∏ —ç–º–æ—Ü–∏–∏,1614338,#,#,27 min
"–û—Å—Ç–æ—Ä–æ–∂–Ω–æ, –Ω–æ–≤–æ—Å—Ç–∏","–ø—Ä–µ–¥–ª–æ–∂–∏—Ç—å –Ω–æ–≤–æ—Å—Ç—å, –Ω–∞–ø–∏—Å–∞—Ç—å –Ω–∞–º:",1600574,#,#,27 min
–°–∫—Ä–∏–Ω—à–æ—Ç –ü—Ä–∞–≤–¥—ã Z,–ù–∞—à–∞ –¥–µ–π—Å—Ç–≤–∏—Ç–µ–ª—å–Ω–æ—Å—Ç—å –≤ —Å–∫—Ä–∏–Ω—à–æ—Ç–∞—Ö –Ω–∞ –ø–∞–º—è—Ç—å.,1590779,#,#,81 min
–ú–æ—Å–∫–≤–∞ - —ç—Ç–æ –∏–Ω—Ç–µ—Ä–µ—Å–Ω–æ,–†–µ–∫–ª–∞–º–∞: @evoanna @evo_milena,1553050,#,#,65 min
–†–µ–∞–ª—å–Ω–∞ –í—ñ–π–Ω–∞,"–ù–æ–≤–∏–Ω–∏, –∑–≤–µ–¥–µ–Ω–Ω—è –∑ —Ñ—Ä–æ–Ω—Ç—É, –∫–ª—é—á–æ–≤—ñ –ø–æ–¥—ñ—ó ‚Äì —Ä–æ–∑–ø–æ–≤—ñ–¥–∞—î–º–æ –ø—Ä–æ –≤—Å–µ, —â–æ –ø–æ—Ç—Ä—ñ–±–Ω–æ –∑–Ω–∞—Ç–∏ –≤ –£–∫—Ä–∞—ó–Ω—ñ.",1547294,#,#,26 min
VOBLYA ‚Ä¢ –Ω–æ–≤–æ—Å—Ç–∏,"–ü—É–±–ª–∏–∫—É–µ–º —Å–∞–º—ã–µ –ø–µ—Ä–≤—ã–µ, –Ω—É –ø–æ—á—Ç–∏!",1529963,#,#,46 min
–†–æ—Å—Å–∏—è —Å–µ–π—á–∞—Å ‚Ä¢ –ù–æ–≤–æ—Å—Ç–∏,–°–æ—Ç—Ä—É–¥–Ω–∏—á–µ—Å—Ç–≤–æ - @PeopleNowMedia,1477540,#,#,87 min
–ú–æ—Å–∫–æ–≤—Å–∫–∞—è –•—Ä–æ–Ω–∏–∫–∞,"–ú—ã –ø–∏—à–µ–º –æ —Ç–æ–º, —á—Ç–æ –≤–æ–ª–Ω—É–µ—Ç –≤—Å—é –ú–æ—Å–∫–≤—É.",1471766,#,#,90 min
–í–ü–®,–ù–∞–¥ —Å—Ö–≤–∞—Ç–∫–æ–π.,1466227,#,#,61 min
–†–µ–∞–ª—å–Ω–∏–π –ö–∏—ó–≤ | –£–∫—Ä–∞–∏–Ω–∞,–ù–∞–π–±—ñ–ª—å—à–∏–π –∫–∞–Ω–∞–ª –Ω–æ–≤–∏–Ω –ö–∏—î–≤–∞,1382892,#,#,55 min
–ó–ª—ã–µ –ù–æ–≤–æ—Å—Ç–∏,"–ì–æ–≤–æ—Ä–∏–º, –ø–æ–∫–∞ –¥—Ä—É–≥–∏–µ –º–æ–ª—á–∞—Ç!",1355287,#,#,85 min
–ù–û–í–û–°–¢–ò üì∞,"–ù–µ–æ–±—Ö–æ–¥–∏–º—ã–π –º–∏–Ω–∏–º—É–º –Ω–æ–≤–æ—Å—Ç–µ–π, —á—Ç–æ–±—ã —Å–¥–µ–ª–∞—Ç—å —Å–≤–æ–∏ –≤—ã–≤–æ–¥—ã.",1318793,#,#,44 min
SHOT,–°–∞–º—ã–π —Ü–∏—Ç–∏—Ä—É–µ–º—ã–π —Ç–µ–ª–µ–≥—Ä–∞–º-–∫–∞–Ω–∞–ª –†–æ—Å—Å–∏–∏,1266009,#,#,27 min
–Ø –≤ –∫—É—Ä—Å–µ,"–°–≤–µ–∂–∏–µ –Ω–æ–≤–æ—Å—Ç–∏, —Å –Ω–∞–º–∏ –≤—ã –∑–Ω–∞–µ—Ç–µ –±–æ–ª—å—à–µÔ∏è",1242047,#,#,59 min
–ú–µ–¥—É–∑–∞ ‚Äî LIVE,–ì–ª–∞–≤–Ω—ã–π —Ç–µ–ª–µ–≥—Ä–∞–º-–∫–∞–Ω–∞–ª ¬´–ú–µ–¥—É–∑—ã¬ª. –î–ª—è —Å–≤—è–∑–∏: @m_needs_you,1237915,#,#,31 min
–î–≤–∞ –º–∞–π–æ—Ä–∞,@major_adv - –†–µ–∫–ª–∞–º–∞,1230204,#,#,41 min
–ß—Ç–æ –ø—Ä–æ–∏–∑–æ—à–ª–æ?,Ô∏è–≠–∫—Å–∫–ª—é–∑–∏–≤–Ω—ã–π –∫–æ–Ω—Ç–µ–Ω—Ç,1201931,#,#,70 min
"–£–∫—Ä–∞—ó–Ω–∞ –°–µ–π—á–∞—Å | –£–°: –Ω–æ–≤–∏–Ω–∏, –ø–æ–ª—ñ—Ç–∏–∫–∞","–ù–æ–≤–∏–Ω–∏, –ø–æ–ª—ñ—Ç–∏–∫–∞, –≤—ñ–π–Ω–∞, —Ñ–æ—Ç–æ —Ç–∞ –≤—ñ–¥–µ–æ. –ù–∞–º –¥–æ–≤—ñ—Ä—è—é—Ç—å.",1198367,#,#,23 min
–†–∏—Ñ–º—ã –∏ –ü–∞–Ω—á–∏ ü§Ø,"–ö—Ä—É–ø–Ω–µ–π—à–∏–π –Ω–æ–≤–æ—Å—Ç–Ω–æ–π —Ä–µ—Å—É—Ä—Å –æ–±–æ –≤—Å—ë–º, —á—Ç–æ —Å–µ–π—á–∞—Å –æ–±—Å—É–∂–¥–∞–µ—Ç –º–æ–ª–æ–¥–µ–∂—å: –æ—Ç –±–ª–æ–≥–µ—Ä–æ–≤ –∏ –ø–æ–ª–∏—Ç–∏–∫–∏ –¥–æ —Ñ—É—Ç–±–æ–ª–∞ –∏ UFC",1188810,#,#,57 min
–ú–æ—Å–∫–≤–∞ 24/7,"–õ—É—á—à–∏–π –∏—Å—Ç–æ—á–Ω–∏–∫ –ø–æ—Å–ª–µ–¥–Ω–∏—Ö –Ω–æ–≤–æ—Å—Ç–µ–π –∏ —Å–æ–±—ã—Ç–∏–π, –ø—Ä–æ–∏—Å—Ö–æ–¥—è—â–∏—Ö –≤ –ú–æ—Å–∫–≤–µ!",1154994,#,#,62 min
Varlamov News,–Ω–æ–≤–æ—Å—Ç–Ω–æ–π –∫–∞–Ω–∞–ª –æ—Ç @varlamov,1146552,#,#,2 hours
–†–æ—Å—Å–∏—è 360¬∞,–°–∞–º–æ–µ –≥–ª–∞–≤–Ω–æ–µ –∏–∑ –∂–∏–∑–Ω–∏ —Å—Ç—Ä–∞–Ω—ã.,1121018,#,#,37 min
–ì–æ—Å—É—Å–ª—É–≥–∏,–û—Ñ–∏—Ü–∏–∞–ª—å–Ω—ã–π –∫–∞–Ω–∞–ª –ø–æ—Ä—Ç–∞–ª–∞ –≥–æ—Å—É–¥–∞—Ä—Å—Ç–≤–µ–Ω–Ω—ã—Ö —É—Å–ª—É–≥ –†–æ—Å—Å–∏–π—Å–∫–æ–π –§–µ–¥–µ—Ä–∞—Ü–∏–∏.,1096851,#,#,3 hours
N–ï.–°–ê–•–ê–†,–û–ø–µ—Ä–∞—Ç–∏–≤–Ω—ã–µ –Ω–æ–≤–æ—Å—Ç–∏. –ò–Ω—Å–∞–π–¥—ã. –≠–∫—Å–∫–ª—é–∑–∏–≤—ã.,1091542,#,#,71 min
–¢–µ–ª–µ–≥—Ä–∞–º–Ω–∞ —Å–ª—É–∂–±–∞ –Ω–æ–≤–∏–Ω - –£–∫—Ä–∞—ó–Ω–∞,Ô∏è–¢–µ–ª–µ–≥—Ä–∞–º ‚Ññ1 –≤ –£–∫—Ä–∞—ó–Ω—ñ. –ü–æ–ª—ñ—Ç–∏–∫–∞ —Ç–∞ –Ω–æ–≤–∏–Ω–∏ ‚Äî 24/7,1052179,#,#,25 min
üí• –í–°–ü–´–®–ö–ê,–ó–∞—è–≤–∫–∏ –ø—Ä–∏–Ω–∏–º–∞—é—Ç—Å—è –∞–≤—Ç–æ–º–∞—Ç–∏—á–µ—Å–∫–∏–π.,1049329,#,#,2 hours
RT –Ω–∞ —Ä—É—Å—Å–∫–æ–º,–≠–∫—Å–∫–ª—é–∑–∏–≤–Ω—ã–µ —Ä–µ–ø–æ—Ä—Ç–∞–∂–∏. –ö–∞–¥—Ä—ã —Å –ø–µ—Ä–µ–¥–æ–≤–æ–π. –°–∞–º—ã–µ –æ–±—Å—É–∂–¥–∞–µ–º—ã–µ –∏ –≤–∞–∂–Ω—ã–µ —Å–æ–±—ã—Ç–∏—è –≤ –†–æ—Å—Å–∏–∏ –∏ –º–∏—Ä–µ,1033108,#,#,29 min
–¢—Ä–∏–∑—É–± üî±,"–û–ø–µ—Ä–∞—Ç–∏–≤–Ω–æ, —è–∫—ñ—Å–Ω–æ, —Ç—ñ–ª—å–∫–∏ –≤–∞–∂–ª–∏–≤–µ. –ü–æ–ª—ñ—Ç–∏–∫–∞, –Ω–æ–≤–∏–Ω–∏, –∞–Ω–∞–ª—ñ—Ç–∏–∫–∞ ‚Äî –±–µ–∑ –∑–∞–π–≤–∏—Ö —Å–ª—ñ–≤.",1027240,#,#,9 min
–ö–∏—ó–≤ –Ü–ù–§–û | –ù–æ–≤–∏–Ω–∏ –£–∫—Ä–∞—ó–Ω–∞ üá∫üá¶,Ô∏è–ê–∫—Ç—É–∞–ª—å–Ω—ñ –ø–æ–¥—ñ—ó –ö–∏—î–≤–∞,1017642,#,#,66 min
–ú–æ—Å–∫–≤–∞ —Å–µ–≥–æ–¥–Ω—è,–ü–æ–ª–µ–∑–Ω—ã–π –∫–∞–Ω–∞–ª –¥–ª—è –º–æ—Å–∫–≤–∏—á–µ–π. –ö–æ—Ä–æ—Ç–∫–æ –∏ –∏–Ω—Ç–µ—Ä–µ—Å–Ω–æ –ø—Ä–æ —Å—Ç–æ–ª–∏—Ü—É.,1010216,#,#,48 min
–ü–ê–¢–†–û–ù,–ù–æ–≤–æ—Å—Ç–∏ –æ—Ç –ü–∞—Ç—Ä–æ–Ω–∞. –¢–æ–ª—å–∫–æ —ç–∫—Å–∫–ª—é–∑–∏–≤!,1004669,#,#,57 min
–ú—ã—à–µ–ª–æ–≤–∫–∞,18+,988596,#,#,77 min
–ö–∞—Ä—Ç–∞ –ø–æ–≤—ñ—Ç—Ä—è–Ω–∏—Ö —Ç—Ä–∏–≤–æ–≥ üá∫üá¶,–ú–æ–Ω—ñ—Ç–æ—Ä–∏–Ω–≥ —Ç–∞ –æ–ø–æ–≤—ñ—â–µ–Ω–Ω—è –ø—Ä–æ –≤—ñ–π—Å—å–∫–æ–≤—ñ –∑–∞–≥—Ä–æ–∑–∏ –Ω–∞ —Ç–µ—Ä–∏—Ç–æ—Ä—ñ—ó –£–∫—Ä–∞—ó–Ω–∏.,954943,#,#,56 min
–ù–æ–≤–∏–Ω–∏ –£–∫—Ä–∞—ó–Ω–∞ | –ì–æ–ª–æ–≤–Ω–∏–π,–ì–æ–ª–æ–≤–Ω–∏–π —Ç–µ–ª–µ–≥—Ä–∞–º-–∫–∞–Ω–∞–ª –£–∫—Ä–∞—ó–Ω–∏,949153,#,#,24 min
–ü–µ—Ä–≤—ã–π –ù–∞—Ä–æ–¥–Ω—ã–π | –ù–æ–≤–æ—Å—Ç–∏,–°–æ—Ç—Ä—É–¥–Ω–∏—á–µ—Å—Ç–≤–æ: @leshatelf,935019,#,#,27 min
WarGonzo,–ó–∞—è–≤–ª–µ–Ω–∏–µ –¥–ª—è —Ä–µ–≥–∏—Å—Ç—Ä–∞—Ü–∏–∏ –≤ –†–æ—Å–∫–æ–º–Ω–∞–¥–∑–æ—Ä N 4808654394 –æ—Ç 11.11.2024,931785,#,#,26 min
–Ü.–®–û? | –ù–æ–≤–∏–Ω–∏,–®–≤–∏–¥–∫—ñ –Ω–æ–≤–∏–Ω–∏,927884,#,#,24 min
–ù–û–í–ò–ù–ê üá∫üá¶,–ì–æ–ª–æ–≤–Ω–∏–π –Ω–æ–≤–∏–Ω–Ω–æ-–ø–æ–ª—ñ—Ç–∏—á–Ω–∏–π –∫–∞–Ω–∞–ª –£–ö–†–ê–á–ù–ò!,911691,#,#,24 min
–ú–µ–¥–∏–π–∫–∞,"–ì–ª–∞–≤–Ω–æ–µ –ø—Ä–æ —à–æ—É-–±–∏–∑–Ω–µ—Å, –±–ª–æ–≥–µ—Ä–æ–≤ –∏ –∏–Ω—Ç–µ—Ä–Ω–µ—Ç-—Ç—Ä–µ–Ω–¥—ã",909941,#,#,69 min
–ö–û–ù–¢–ï–ö–°–¢,"18+. –ü–æ–¥–ø–∏—Å—ã–≤–∞—è—Å—å –Ω–∞ –Ω–∞—Å—Ç–æ—è—â–∏–π –∫–∞–Ω–∞–ª, –≤—ã –ø–æ–¥—Ç–≤–µ—Ä–∂–¥–∞–µ—Ç–µ, —á—Ç–æ –≤–∞–º –µ—Å—Ç—å 18 –ª–µ—Ç.",898225,#,#,25 min
moskovsky!,—Ä–∞–∑–≤–ª–µ–∫–∞—Ç–µ–ª—å–Ω—ã–µ –Ω–æ–≤–æ—Å—Ç–∏ –±–µ–∑ –∑–∞–Ω—É–¥—Å—Ç–≤–∞ –∏ –≥—Ä—É—Å—Ç–∏,893252,#,#,53 min
–û–¥–µ—Å—Å–∞ INFO ‚öìÔ∏è üá∫üá¶ –ù–æ–≤–æ—Å—Ç–∏ | –û–¥–µ—Å–∞,–°–∞–º—ã–µ –≤–∞–∂–Ω—ã–µ –Ω–æ–≤–æ—Å—Ç–∏ –û–¥–µ—Å—Å—ã –∏ –æ–±–ª–∞—Å—Ç–∏ .–¢–æ–ª—å–∫–æ –û–¥–µ—Å—Å–∫–∞—è –∞—É–¥–∏—Ç–æ—Ä–∏—èÔ∏è,872150,#,#,56 min
–£–∫—Ä–∞—ó–Ω—Å—å–∫–∏–π –¢–µ–ª–µ–≥—Ä–∞–º üá∫üá¶,Ô∏è–¢–µ–ª–µ–≥—Ä–∞–º ‚Ññ 1 –≤ –£–∫—Ä–∞—ó–Ω—ñ. –Ü–Ω—Ñ–æ—Ä–º—É—î–º–æ ‚Äî 24/7.,869977,#,#,22 min
"Top News | (–í—ñ–π–Ω–∞, –£–∫—Ä–∞—ó–Ω–∞, –ù–æ–≤–∏–Ω–∏)","–ê–∫—Ç—É–∞–ª—å–Ω–æ, —è–∫—ñ—Å–Ω–æ, –ø—Ä–∞–≤–¥–∏–≤–æ.",867363,#,#,21 min
–•—É–µ–≤–∞—è –û–¥–µ—Å—Å–∞,–ù–æ–≤–æ—Å—Ç–∏ –û–¥–µ—Å—Å—ã –∏ –æ–±–ª–∞—Å—Ç–∏,853223,#,#,46 min
–ü–æ–≤—ñ—Ç—Ä—è–Ω—ñ –°–∏–ª–∏ –ó–° –£–∫—Ä–∞—ó–Ω–∏ / Air Force of the Armed Forces of Ukraine,"–£–°–Ü –ü–û–°–ò–õ–ê–ù–ù–Ø –ù–ê –û–§–Ü–¶–Ü–ô–ù–Ü –°–û–¶–Ü–ê–õ–¨–ù–Ü –ú–ï–†–ï–ñ–Ü –¢–ê –ö–ê–ù–ê–õ–ò –ü–û–í–Ü–¢–†–Ø–ù–ò–• –°–ò–õ –ó–ë–†–û–ô–ù–ò–• –°–ò–õ –£–ö–†–ê–á–ù–ò (Facebook, YouTube, Tiktok, WhatsApp, Telegram, –¢witter, Viber —Ç–∞ –Ünstagram):",828254,#,#,90 min
–Ü–Ω—Å–∞–π–¥–µ—Ä –ó–°–£,"–í–æ—î–Ω–Ω—ñ –Ω–æ–≤–∏–Ω–∏ –£–∫—Ä–∞—ó–Ω–∏. –ê–Ω–∞–ª—ñ—Ç–∏–∫–∞, —ñ–Ω—Å–∞–π–¥–∏, –ø–æ–ª—ñ—Ç–∏–∫–∞.",827625,#,#,20 min
–¢–°–ù –Ω–æ–≤–∏–Ω–∏ / –¢–°–ù.ua,–û—Ñ—ñ—Ü—ñ–π–Ω–∏–π –∫–∞–Ω–∞–ª TSN.ua,818858,#,#,10 min
–£–∫—Ä–∞—ó–Ω–∞ 24/7 - –Ω–æ–≤–∏–Ω–∏,–ì–ª–∞–≤–Ω—ã–π —Ç–µ–ª–µ–≥—Ä–∞–º-–∫–∞–Ω–∞–ª –£–∫—Ä–∞–∏–Ω—ã —Å 2019 –≥–æ–¥–∞. –ê–∫—Ç—É–∞–ª—å–Ω—ã–µ –∏ –≥–æ—Ä—è—á–∏–µ —Å–æ–±—ã—Ç–∏—è –≤ —Ä–µ–∂–∏–º–µ 24/7. –ë–µ–∑ —Ü–µ–Ω–∑—É—Ä—ã.,809062,#,#,21 min
–ú–∞–Ω–¥–∞—Ä–∏–Ω –ú–µ–¥—ñ–∞,–ê–º–±–∞—Å–∞–¥–æ—Ä –ø–µ—Ä–µ–≤—ñ—Ä–µ–Ω–æ–≥–æ –∫–æ–Ω—Ç–µ–Ω—Ç—É!,785977,#,#,9 min
–£–∫—Ä–∞—ó–Ω–∞ Live | –ù–æ–≤–∏–Ω–∏,–ì–æ–ª–æ–≤–Ω—ñ –Ω–æ–≤–∏–Ω–∏ –£–∫—Ä–∞—ó–Ω–∏ —Ç–∞ —Å–≤—ñ—Ç—É –Ω–∞–∂–∏–≤–æ.,775842,#,#,78 min
–ë–∞–∫–ª–∞–∂–∞–Ω,–ó–∞—è–≤–∫–∏ –æ–¥–æ–±—Ä—è–µ–º —Å—Ä–∞–∑—É!,757674,#,#,47 min
Z-News | –ê—Ä–º–∏—è üÖâ 18+ üî•,–ó–∞—è–≤–∫–∞ –ø—Ä–∏–Ω–∏–º–∞–µ—Ç—Å—è –º–æ–º–µ–Ω—Ç–∞–ª—å–Ω–æ!,740864,#,#,27 min
–ü–æ–≤—ë—Ä–Ω—É—Ç—ã–µ –Ω–∞ –≤–æ–π–Ω–µ üá∑üá∫,–ü—Ä–µ–¥–ª–æ–∂–∫–∞ –∏ –≤–æ–ø—Ä–æ—Å—ã: @voenacher_zov_bot,735415,#,#,54 min
"–†–∞–¥–∞—Ä –ø–æ –≤—Å–µ–π –†–æ—Å—Å–∏–∏ | –ë–ü–õ–ê, —Ä–∞–∫–µ—Ç—ã, —Å–∞–º–æ–ª—ë—Ç—ã","–ò–Ω—Ñ–æ—Ä–º–∞—Ü–∏–æ–Ω–Ω—ã–π –∏—Å—Ç–æ—á–Ω–∏–∫, —Å–æ–∑–¥–∞–Ω–Ω—ã–π –¥–ª—è –æ–ø–µ—Ä–∞—Ç–∏–≤–Ω–æ–≥–æ –æ–ø–æ–≤–µ—â–µ–Ω–∏—è –Ω–∞—Å–µ–ª–µ–Ω–∏—è –æ –≤–æ–∑–¥—É—à–Ω—ã—Ö —É–≥—Ä–æ–∑–∞—Ö –Ω–∞ —Ç–µ—Ä—Ä–∏—Ç–æ—Ä–∏–∏ –†–æ—Å—Å–∏–∏",733358,#,#,43 min
–£–∫—Ä–∞—ó–Ω–∞ üá∫üá¶–ù–æ–≤–∏–Ω–∏,–í—Å—ñ –ø–æ–¥—ñ—ó —É –Ω–∞—Å –≤ –∫–∞–Ω–∞–ª—ñ,726013,#,#,25 min
–ü–æ–∑–¥–Ω—è–∫–æ–≤ 3.0,"@aarkadiy ‚Äì –í–°–Æ –ü–†–ï–î–õ–û–ñ–ö–£, –ù–û–í–û–°–¢–ò –ò –°–õ–ò–í–´ –°–Æ–î–ê!",723164,#,#,50 min
monitor,–ú–æ–Ω—ñ—Ç–æ—Ä–∏–Ω–≥ –≤–æ—Ä–æ–∂–æ—ó –∞–≤—ñ–∞—Ü—ñ—ó.,714785,#,#,3 hours
–î–Ω—ñ–ø—Ä–æ Alerts üöÄ üö®,Ô∏è–†–ï–ö–õ–ê–ú–£ –ù–ï –ü–†–û–î–ê–Ñ–úÔ∏è,702753,#,#,3 hours
–ö–æ—Ä–æ—á–µ 18+,–ù–æ–≤–æ—Å—Ç–Ω–æ–µ –º–µ–¥–∏–∞ –æ —Å–∞–º–æ–º –∏–Ω—Ç–µ—Ä–µ—Å–Ω–æ–º –≤ –∏–Ω—Ç–µ—Ä–Ω–µ—Ç–µ –∏ –º–∏—Ä–µ.,694197,#,#,61 min
–ü–ü–û - Newsüá∫üá¶–ù–æ–≤–∏–Ω–∏,–°–ª–∞–≤–∞ –£–∫—Ä–∞—ó–Ω—ñ! –ó –Ω–∞–º–∏ –ø—Ä–∞–≤–¥–∞!,688124,#,#,2 hours
–†–∞–¥–Ω–∏–∫,–í–∞—à —ñ–Ω—Ñ–æ—Ä–º–∞—Ü—ñ–π–Ω–∏–π —Ä–∞–¥–Ω–∏–∫. –Ü–Ω—Å–∞–π–¥–∏. –ü–æ–ª—ñ—Ç–∏–∫–∞. –ù–æ–≤–∏–Ω–∏. –ü—Ä–∞–≤–¥–∞.,686955,#,#,2 hours
–†–ë–ö. –ù–æ–≤–æ—Å—Ç–∏. –ì–ª–∞–≤–Ω–æ–µ,"–û—Ñ–∏—Ü–∏–∞–ª—å–Ω—ã–π –∫–∞–Ω–∞–ª –†–ë–ö. –°–∞–º—ã–µ –≤–∞–∂–Ω—ã–µ –Ω–æ–≤–æ—Å—Ç–∏, —Ç–æ–ª—å–∫–æ –ø—Ä–æ–≤–µ—Ä–µ–Ω–Ω–∞—è –∏–Ω—Ñ–æ—Ä–º–∞—Ü–∏—è.",679594,#,#,32 min
Z–ª–æ–π –ü—Ä—É—ÑÔ∏è,"–ù–∏–∫–æ–≥–æ –Ω–µ –∂–∞–ª–∫–æ, –Ω–∏–∫–æ–≥–æ!",677668,#,#,55 min
–•–∞—Ä—å–∫–æ–≤ life | –•–∞—Ä–∫—ñ–≤ üá∫üá¶,–°–∞–º—ã–π –∫—Ä—É–ø–Ω—ã–π –∫–∞–Ω–∞–ª –•–∞—Ä—å–∫–æ–≤–∞ –∏ –≤–æ—Å—Ç–æ–∫–∞ –£–∫—Ä–∞–∏–Ω—ã. –¢–æ–ª—å–∫–æ –∞–∫—Ç—É–∞–ª—å–Ω—ã–µ –Ω–æ–≤–æ—Å—Ç–∏,663258,#,#,42 min
–¢—Ä—É—Ö–∞‚ö°Ô∏è–ö–∏—ó–≤,–ü–æ –ø–∏—Ç–∞–Ω–Ω—è–º —Ä–µ–∫–ª–∞–º–∏:,658007,#,#,27 min
–£–∫—Ä–∞—ó–Ω–∞‚ö°Ô∏è–ù–æ–≤–∏–Ω–∏‚ö°Ô∏è–í—ñ–π–Ω–∞,–í–∞–∂–ª–∏–≤—ñ –Ω–æ–≤–∏–Ω–∏ –£–∫—Ä–∞—ó–Ω–∏ —Ç–∞ —Å–≤—ñ—Ç—É. –ö–æ—Ä–æ—Ç–∫–æ —Ç–∞ —ñ–Ω—Ñ–æ—Ä–º–∞—Ç–∏–≤–Ω–æ –ø—Ä–æ –≥–æ–ª–æ–≤–Ω–µ. –ü—Ä–æ –Ω–∞–π–≥–æ–ª–æ–≤–Ω—ñ—à–µ ‚Äî —ñ–∑ –ø–æ—è—Å–Ω–µ–Ω–Ω—è–º–∏.,654244,#,#,22 min
–ö–æ—Ä–æ—á–µ,–°–∞–º—ã–π —á–∞—Å—Ç–æ—É–ø–æ–º–∏–Ω–∞–µ–º—ã–π –∫–∞–Ω–∞–ª –≤ Telegram.,643920,#,#,61 min
–ñ–µ—Å—Ç—å –ë–µ–ª–≥–æ—Ä–æ–¥,–ì–ª–∞–≤–Ω—ã–π –∫–∞–Ω–∞–ª –ë–µ–ª–≥–æ—Ä–æ–¥—Å–∫–æ–π –æ–±–ª–∞—Å—Ç–∏!,632561,#,#,82 min
–£–≥–æ–ª–æ–∫ (–Ω–µ) —á—É—à–ø–∞–Ω–æ–≤,–ß—É—à–ø–∞–Ω–æ–≤ –Ω–µ –ø—Ä–∏–Ω–∏–º–∞–µ–º,623980,#,#,82 min
OPG üá∫üá¶,–†–µ–∞–ª—å–Ω–∞ —Å–∏—Ç—É–∞—Ü—ñ—è –≤ –∫—Ä–∞—ó–Ω—ñ –±–µ–∑ —Ñ–µ–π–∫—ñ–≤ —ñ –ø—Ä–∏–∫—Ä–∞—Å,621665,#,#,11 min
–ö–∞—Ä—Ç–∞ –ø–æ–≤—ñ—Ç—Ä—è–Ω–∏—Ö —Ç—Ä–∏–≤–æ–≥ ‚ÄºÔ∏è –í–∏–±—É—Ö–∏ ‚ÄºÔ∏è –†–∞–∫–µ—Ç–∏ ‚ÄºÔ∏è,OSINT –º–æ–Ω—ñ—Ç–æ—Ä–∏–Ω–≥ - —ñ–Ω—Ñ–æ—Ä–º–∞—Ü—ñ—è –∑ –≤—ñ–¥–∫—Ä–∏—Ç–∏—Ö –¥–∂–µ—Ä–µ–ª. –ö–∞–Ω–∞–ª –Ω–µ —î –æ—Ñ—ñ—Ü—ñ–π–Ω–∏–º –¥–∂–µ—Ä–µ–ª–æ–º.,617748,#,#,22 min
"–ß—Ç–æ —Ç–∞–º, –ú–æ—Å–∫–≤–∞?",–ö–∞–∂–¥—ã–π –¥–µ–Ω—å —á—Ç–æ-—Ç–æ –Ω–æ–≤–µ–Ω—å–∫–æ–µ,607663,#,#,47 min
–í–æ–µ–Ω–Ω—ã–π –û—Å–≤–µ–¥–æ–º–∏—Ç–µ–ª—å,–ù–û–í–û–°–¢–ò –û–¢–ï–ß–ï–°–¢–í–ï–ù–ù–´–• –ò –ó–ê–†–£–ë–ï–ñ–ù–´–• –í–û–û–†–£–ñ–ï–ù–ù–´–• –°–ò–õ,606652,#,#,36 min
–®–≤–∏–¥–∫–æ —Ç–∞ —Ç–æ—á–Ω–æüá∫üá¶,–î—ñ–∑–Ω–∞–≤–∞–π—Å—è —Ä–∞–∑–æ–º –∑—ñ –®–≤–∏–¥–∫–æ —Ç–∞ —Ç–æ—á–Ω–æ!,593813,#,#,25 min
–ù–∞–±–ª—é–¥–∞—Ç–µ–ª—åüëÅLIVE,Ô∏è–ó–∞—è–≤–∫–∏ –ø—Ä–∏–Ω–∏–º–∞—é—Ç—Å—è –∞–≤—Ç–æ–º–∞—Ç–∏—á–µ—Å–∫–∏,573981,#,#,2 hours
–¢–∏–ø–∏—á–Ω—ã–π –î–æ–Ω–µ—Ü–∫,–¢–∏–ø–∏—á–Ω—ã–π –î–æ–Ω–µ—Ü–∫,572636,#,#,27 min
Ateo Breaking,–°–æ–∑–¥–∞—Ç–µ–ª—å/–†–µ–∫–ª–∞–º–∞ ‚Äî @Libertarian,567513,#,#,28 min
–ù—å—é—Å–∞—á/–î–≤–∞—á,–ù–æ–≤–æ—Å—Ç–∏,566872,#,#,26 min
–ö–ö,–†–µ–∫–ª–∞–º–∞: @pr_kk,565557,#,#,44 min
–ù–∞ –ü–µ—Ä–µ–¥–æV–æ–π üá∑üá∫,"–í–æ–µ–Ω–∫–∞, –ø–æ–ª–∏—Ç–∏–∫–∞ –∏ –Ω–æ–≤–æ—Å—Ç–∏.",565484,#,#,27 min
–ê–¥–≤–æ–∫–∞—Ç –ü—Ä–∞–≤–∞,–Æ—Ä–∏–¥–∏—á–Ω–∏–π –¢–µ–ª–µ–≥—Ä–∞–º –∫–∞–Ω–∞–ª,564255,#,#,31 min
–®–≤–∏–¥—à–µ –≤—Å—ñ—Ö,"–ó–Ω–∞—é –±—ñ–ª—å—à–µ, –Ω—ñ–∂ —ñ–Ω—à—ñ: –ø–æ–ª—ñ—Ç–∏–∫–∞, —Ñ—Ä–æ–Ω—Ç, –≤—ñ–π—Å—å–∫–æ–≤–µ –∑–∞–∫—É–ª—ñ—Å—Å—è, —ñ–Ω—Å–∞–π–¥–∏.",562509,#,#,25 min
Kotsnews,"–í–æ–µ–Ω–∫–æ—Ä ""–ö–æ–º—Å–æ–º–æ–ª—å—Å–∫–æ–π –ø—Ä–∞–≤–¥—ã"" –ê–ª–µ–∫—Å–∞–Ω–¥—Ä –ö–æ—Ü.",560328,#,#,83 min
–ë–∞–π—Ä–∞–∫—Ç–∞—Ä News | –£–∫—Ä–∞—ó–Ω–∞,"–ú–µ–¥—ñ–∞ –≤–æ—î–Ω–Ω–æ–≥–æ —á–∞—Å—É. –ì–æ–ª–æ–≤–Ω—ñ –ø–æ–¥—ñ—ó, –∞–Ω–∞–ª—ñ—Ç–∏–∫–∞, –ø–æ–ª—ñ—Ç–∏—á–Ω—ñ —ñ–Ω—Å–∞–π–¥–∏.",555086,#,#,38 min
–°–û–ö–û–õ,"–ü—É–±–ª–∏–∫—É–µ–º —Ç–æ, —á—Ç–æ –±–æ—è—Ç—Å—è –ø—É–±–ª–∏–∫–æ–≤–∞—Ç—å –¥—Ä—É–≥–∏–µ.",553264,#,#,77 min
–°—Ä–æ—á–Ω—ã–µ –ù–æ–≤–æ—Å—Ç–∏,–¢–æ–ª—å–∫–æ –≤ —ç—Ç–æ–º –∫–∞–Ω–∞–ª–µ –≤—ã –Ω–∞–π–¥—ë—Ç–µ –≤—Å—é —Å–≤–µ–∂—É—é –∏ —ç–∫—Å–∫–ª—é–∑–∏–≤–Ω—É—é –∏–Ω—Ñ–æ—Ä–º–∞—Ü–∏—é.,552138,#,#,54 min
–ü–æ–≤—ñ—Ç—Ä—è–Ω–∏–π –ø—Ä–æ—Å—Ç—ñ—Ä –£–∫—Ä–∞—ó–Ω–∏,Ô∏è–ü–æ–≤—ñ–¥–æ–º–ª–µ–Ω–Ω—è –ø—Ä–æ –∑–∞–≥—Ä–æ–∑–∏ –∑ –ø–æ–≤—ñ—Ç—Ä—è. –í—ñ–¥–∫–ª—é—á–µ–Ω–Ω—è —Å–≤—ñ—Ç–ª–∞. 24/7 –∞–∫—Ç—É–∞–ª—å–Ω–∞ —ñ–Ω—Ñ–æ—Ä–º–∞—Ü—ñ—è –ø—Ä–æ —Å–∏—Ç—É–∞—Ü—ñ—é –≤ –Ω–µ–±—ñ –Ω–∞–¥ –£–∫—Ä–∞—ó–Ω–æ—é.,551625,#,#,60 min
–Å–ñ - –û –ë–õ–û–ì–ï–†–ê–•,"–°–ø–ª–µ—Ç–Ω–∏ , —ç–∫—Å–∫–ª—é–∑–∏–≤–Ω—ã–µ –∏–Ω—Ç–µ—Ä–≤—å—é , –Ω–æ–≤–æ—Å—Ç–∏.",548409,#,#,2 days
–ß–ü –ë–ï–õ–ì–û–†–û–î –ù–û–í–û–°–¢–ò –ñ–ï–°–¢–¨,"–í—Å–µ –Ω–æ–≤–æ—Å—Ç–∏, –í–æ–π–Ω–∞ –∏ –ß—Ä–µ–∑–≤—ã—á–∞–π–Ω—ã–µ –ü—Ä–æ–∏—Å—à–µ—Å—Ç–≤–∏—è  –≤ –ë–µ–ª–≥–æ—Ä–æ–¥–µ 18+",545028,#,#,24 min
KOSTI,–ü–µ—Ä–µ–º—ã–≤–∞–µ–º –ö–æ—Å—Ç–∏ —à–æ—É-–±–∏–∑–Ω–µ—Å–∞,541933,#,#,2 hours
–¢–ê–°–°,–û—Ñ–∏—Ü–∏–∞–ª—å–Ω—ã–π –∫–∞–Ω–∞–ª –∞–≥–µ–Ω—Ç—Å—Ç–≤–∞ –¢–ê–°–° https://tass.ru,533653,#,#,24 min
–ö–î 18+,–ù–æ–≤–æ—Å—Ç–∏ –ö–∞–∂–¥—ã–π –î–µ–Ω—å.,527086,#,#,61 min
–ö–∏—Ä–∏–ª–ª –§—ë–¥–æ—Ä–æ–≤ / –í–æ–π–Ω–∞ –ò—Å—Ç–æ—Ä–∏—è –û—Ä—É–∂–∏–µ,–†–µ–∫–ª–∞–º–∞ - @dmakarow,523064,#,#,28 min
–°–ø–µ—Ü–æ–ø–µ—Ä–∞—Ü–∏—è Z,–í–µ—â–∞–µ–º —Å –ø–µ—Ä–µ–¥–æ–≤–æ–π! –°–∞–º—ã–µ –≥–ª–∞–≤–Ω—ã–µ —Å–æ–±—ã—Ç–∏—è –¥–Ω—è. –ü–æ–±–µ–¥–∞ –±—É–¥–µ—Ç ZA –ù–ê–ú–ò!Ô∏è,522530,#,#,46 min
UKR INFORM üá∫üá¶ –ù–æ–≤–∏–Ω–∏ –£–∫—Ä–∞—ó–Ω–∞,–ù–∞–π—Å–≤—ñ–∂—ñ—à—ñ –Ω–æ–≤–∏–Ω–∏ –£–∫—Ä–∞—ó–Ω–∏ —Ç–∞ —Å–≤—ñ—Ç—É.,521544,#,#,21 min
–ú–æ–π –ü–∏—Ç–µ—Ä,–°–∞–º—ã–π –∫—Ä—É–ø–Ω—ã–π –∫–∞–Ω–∞–ª –ü–µ—Ç–µ—Ä–±—É—Ä–≥–∞,521451,#,#,2 hours
–†–µ–∞–ª—å–Ω–∞ –£–∫—Ä–∞—ó–Ω–∞ | –†–∞–¥–∞—Ä –¢—Ä–∏–≤–æ–≥–∞ üá∫üá¶,"Ô∏è –ê–∫—Ç—É–∞–ª—å–Ω—ñ –Ω–æ–≤–∏–Ω–∏, –Ω–∞–º –¥–æ–≤—ñ—Ä—è—é—Ç—å",519526,#,#,3 min
–•–î–Ω—ñ–ø—Ä–æ üá∫üá¶,–•—É–π–æ–≤–∏–π –î–Ω—ñ–ø—Ä–æ ‚Äì —Ç–≤—ñ–π –≥—ñ–¥ —É –∂–∏—Ç—Ç—ñ –º—ñ—Å—Ç–∞!,516872,#,#,37 min
–ü–∏—Ç–µ—Ä Live,"–ü–æ–¥–ø–∏—à–∏—Å—å, —á—Ç–æ–± –Ω–µ –ø–æ—Ç–µ—Ä—è—Ç—å.",516229,#,#,2 hours
–•—É–π–æ–≤–∏–π –•–∞—Ä–∫—ñ–≤ üá∫üá¶ –•—É–µ–≤—ã–π –•–∞—Ä—å–∫–æ–≤,–ù–ê–î–Ü–°–õ–ê–¢–ò –ù–û–í–ò–ù–£: @huyovykharkivbot,515628,#,#,57 min
–ù–æ–≤–æ–°–¢–∞–π–º | –§–µ–¥–µ—Ä–∞–ª—å–Ω—ã–µ –Ω–æ–≤–æ—Å—Ç–∏,–°–∞–º—ã–µ –≥–æ—Ä—è—á–∏–µ –Ω–æ–≤–æ—Å—Ç–∏ –†–æ—Å—Å–∏–∏. –ú—ã —É–∑–Ω–∞—ë–º –æ–±–æ –≤—Å—ë–º –ø–µ—Ä–≤—ã–º–∏!,509415,#,#,4 hours
#–ú–û–ù–¢–Ø–ù!,–û—Ñ–∏—Ü–∏–∞–ª—å–Ω—ã–π –∫–∞–Ω–∞–ª –¢–∞—Ç—å—è–Ω—ã –ú–æ–Ω—Ç—è–Ω,508406,#,#,2 hours
–¢—Ä—É—Ö–∞‚ö°Ô∏è–•–∞—Ä—å–∫–æ–≤,Ô∏è–ü–æ –≤–æ–ø—Ä–æ—Å–∞–º —Ä–µ–∫–ª–∞–º—ã:,507336,#,#,71 min
Ukraine NOW,"–í–µ—Ä–∏—Ñ—ñ–∫–æ–≤–∞–Ω–∏–π –∫–∞–Ω–∞–ª –≥–æ–ª–æ–≤–Ω–∏—Ö –Ω–æ–≤–∏–Ω –ø—Ä–æ –£–∫—Ä–∞—ó–Ω—É, –≤—ñ–π–Ω—É —Ç–∞ —É–∫—Ä–∞—ó–Ω—Ü—ñ–≤",500321,#,#,65 min
–§–µ–¥–µ—Ä–∞—Ü–∏—è,"–ë–µ–∑ —Ñ–µ–π–∫–æ–≤ –∏ –ª–∂–∏, —Ç–æ–ª—å–∫–æ –ø—Ä–∞–≤–¥–∞.",491627,#,#,83 min
–£–∫—Ä–∞–∏–Ω–∞.—Ä—É,–ì–ª–∞–≤–Ω—ã–π –ø–æ –£–∫—Ä–∞–∏–Ω–µ,486231,#,#,61 min
–ó–ê–†–£–ë–ò–ù,–ñ—É—Ä–Ω–∞–ª–∏—Å—Ç —Ç–µ–ª–µ–∫–∞–Ω–∞–ª–∞ ¬´–†–æ—Å—Å–∏—è¬ª,483135,#,#,2 hours
–Ü–Ω—Ñ–æ—Ä–º–µ—Ä | –£–∫—Ä–∞—ó–Ω–∞,Ô∏è–ë–µ–∑ —Ñ–µ–π–∫—ñ–≤ –ø—Ä–æ –Ω–∞–π–≤–∞–∂–ª–∏–≤—ñ—à—ñ –Ω–æ–≤–∏–Ω–∏ –£–∫—Ä–∞—ó–Ω–∏.,478165,#,#,22 min
–¢–µ–ª–µ–∫–∞–Ω–∞–ª –î–æ–∂–¥—å,"–ü—Ä–∏—Å–ª–∞—Ç—å –Ω–æ–≤–æ—Å—Ç—å, —Ä–∞–∑–º–µ—Å—Ç–∏—Ç—å —Ä–µ–∫–ª–∞–º—É, –ø–æ–∑–≤–æ–Ω–∏—Ç—å –≤ —ç—Ñ–∏—Ä: @raintvbot",470683,#,#,31 min
–ê—É—Ç—Å–∞–π–¥–µ—Ä UA,"–ì–æ–ª–æ–≤–Ω—ñ –ø–æ–¥—ñ—ó –£–∫—Ä–∞—ó–Ω–∏ ‚Äî –Ω–æ–≤–∏–Ω–∏, –≤—ñ–π–Ω–∞, –∞–Ω–∞–ª—ñ—Ç–∏–∫–∞.",469532,#,#,59 days
–°–ò–ì–ù–ê–õ,–ß–µ—Å—Ç–Ω–æ –∏ –æ–ø–µ—Ä–∞—Ç–∏–≤–Ω–æ –∫–∞–∂–¥—ã–π –¥–µ–Ω—å,468742,#,#,23 min
–ú–æ–∂–µ–º –æ–±—ä—è—Å–Ω–∏—Ç—å,–ü–æ—á—Ç–∞ - mozhemobyasnit@proton.me,466843,#,#,47 min
–ö—É–¥–∏ –ª–µ—Ç–∏—Ç—å? | –¢—Ä–∏–≤–æ–≥–∞,"–°–ø–æ–≤—ñ—â–µ–Ω–Ω—è –ø—Ä–æ –Ω–µ–±–µ–∑–ø–µ–∫—É, —á—ñ—Ç–∫–∞ —Ç–∞ —Å–≤—ñ–∂–∞ —ñ–Ω—Ñ–æ—Ä–º–∞—Ü—ñ—è.",462424,#,#,3 hours
–£–∫—Ä–∞—ó–Ω–∞ –ø—Ä–æ –ì–æ–ª–æ–≤–Ω–µ,–ì–æ–ª–æ–≤–Ω—ñ –Ω–æ–≤–∏–Ω–∏ —Ç–≤–æ—î—ó –∫—Ä–∞—ó–Ω–∏!,459083,#,#,63 min
–ö–∏–µ–≤—Å–∫–∏–π –î–≤–∏–∂,–í—Å–µ –Ω–æ–≤–æ—Å—Ç–∏ –ö–∏–µ–≤–∞ –≤ –æ–¥–Ω–æ–º –∫–∞–Ω–∞–ª–µ.,451507,#,#,49 min
SHTOLL NEWSüíã,News by Shtoll (https://www.instagram.com/sshtoll?igsh=YjlkeWVhb241cTI=),451292,#,#,84 min
–ß–¢–î,–ë–æ—Ç –æ–±—Ä–∞—Ç–Ω–æ–π —Å–≤—è–∑–∏: @nemesis_fb_bot,450068,#,#,43 min
–ú–æ—Å–∫–≤–∞ 24,–†–µ–≥–∏—Å—Ç—Ä–∞—Ü–∏—è –≤ —Ä–µ–µ—Å—Ç—Ä–µ –†–ö–ù: https://knd.gov.ru/license?id=6763b55796de59064d0d5d9c&registryType=bloggersPermission,449072,#,#,59 min
–í–æ–π–Ω–∞ —Å —Ñ–µ–π–∫–∞–º–∏,–û–ø—Ä–æ–≤–µ—Ä–≥–∞–µ–º —Ñ–µ–π–∫–∏ —Å 2022 –≥–æ–¥–∞.,448199,#,#,27 min
–û—Ä–∫–µ—Å—Ç—Ä –í–∞–≥–Ω–µ—Ä–∞ | Wagner,,443566,#,#,52 min
–ù–æ–≤–æ—Å—Ç–∏ –û–¥–µ—Å—Å–∞ | –û–¥–µ—Å–∞,—Å—Å—ã–ª–∫–∞ –¥–ª—è –¥—Ä—É–∑–µ–π t.me/our_odessa,441808,#,#,62 min
–ú–æ—Å–∫–≤–∞ ‚Ä¢ –ù–æ–≤–æ—Å—Ç–∏ ‚Ä¢ –ú–æ—Å–∫–≤–∏–∫,‚ÄçÔ∏è–ù–∞—Ö–æ–∂—É –¥–ª—è –≤–∞—Å –∞–∫—Ç—É–∞–ª—å–Ω—ã–µ —Å–æ–±—ã—Ç–∏—è –∏ –Ω–æ–≤–æ—Å—Ç–∏,428980,#,#,2 hours
–ú–æ—Å–∫–≤–∞ —Å–µ–π—á–∞—Å,–ì–ª–∞–≤–Ω—ã–π –¢–µ–ª–µ–≥—Ä–∞–º-–∫–∞–Ω–∞–ª –ø—Ä–æ –ú–æ—Å–∫–≤—É.,428394,#,#,47 min
–î–û–ë–†–û–í–û–õ–ï–¶,–≠–∫—Å–∫–ª—é–∑–∏–≤–Ω—ã–π –∫–æ–Ω—Ç–µ–Ω—Ç —Å –ø–µ—Ä–µ–¥–æ–≤–æ–π!,427554,#,#,75 min
–í–µ—á–µ—Ä–Ω–∏–π –¢–µ–ª–µ–≥—Ä–∞–º—ä,"–û–±—ä–µ–∫—Ç–∏–≤–Ω–æ—Å—Ç—å, –¥–æ—Å—Ç–æ–≤–µ—Ä–Ω–æ—Å—Ç—å, –æ–ø–µ—Ä–∞—Ç–∏–≤–Ω–æ—Å—Ç—å ‚Äî –æ—Å–Ω–æ–≤–∞ –Ω–∞—à–µ–π —Ä–µ–¥–ø–æ–ª–∏—Ç–∏–∫–∏. –î–µ–ª–∞–µ–º –Ω–æ–≤–æ—Å—Ç–∏, –∫–æ—Ç–æ—Ä—ã–º –¥–æ–≤–µ—Ä—è—é—Ç.",426161,#,#,36 min
–ö–ú–î–ê ‚Äì –æ—Ñ—ñ—Ü—ñ–π–Ω–∏–π –∫–∞–Ω–∞–ª,–û—Ñ—ñ—Ü—ñ–π–Ω–∏–π Telegram-–∫–∞–Ω–∞–ª –ö–∏—ó–≤—Å—å–∫–æ—ó –º—ñ—Å—å–∫–æ—ó –¥–µ—Ä–∂–∞–≤–Ω–æ—ó –∞–¥–º—ñ–Ω—ñ—Å—Ç—Ä–∞—Ü—ñ—ó (–ö–ú–î–ê),423423,#,#,56 min
–ß–æ–º—É —Ç—Ä–∏–≤–æ–≥–∞ | –†–∞–¥–∞—Ä,"–¶—ñ–ª–æ–¥–æ–±–æ–≤–æ –ø–æ–≤—ñ–¥–æ–º–ª—è—é –ø—Ä–æ –ø—Ä–∏—á–∏–Ω—É —Ç—Ä–∏–≤–æ–≥–∏ –≤ –£–∫—Ä–∞—ó–Ω—ñ, —Ä–∞–∑–æ–º –¥–æ –ø–µ—Ä–µ–º–æ–≥–∏",421448,#,#,71 min
–†–∏—Ñ–º—ã –∏ –ú–æ—Ä–≥–µ–Ω üïä,–†–µ–∫–ª–∞–º–∞- @Alina_Alins –∏ @OSOKINIDIS,419669,#,#,86 min
–° –ú–ï–°–¢–ê –°–û–ë–´–¢–ò–Ø,–û–ø–µ—Ä–∞—Ç–∏–≤–Ω—ã–µ –Ω–æ–≤–æ—Å—Ç–∏. –ò–Ω—Å–∞–π–¥—ã. –≠–∫—Å–∫–ª—é–∑–∏–≤—ã.,414153,#,#,67 min
–ú–æ—Å–∫–≤–∞ Live,"–ù–æ–≤–æ—Å—Ç–∏, —Å–æ–±—ã—Ç–∏—è, –º–µ—Å—Ç–∞ –∏ —Å–µ–∫—Ä–µ—Ç–Ω—ã–µ –ª–∞–π—Ñ—Ö–∞–∫–∏ –Ω–∞—à–µ–≥–æ –≥–æ—Ä–æ–¥–∞.",413958,#,#,73 min
ONews –£–∫—Ä–∞—ó–Ω–∞,–ù–µ–∑–∞–ª–µ–∂–Ω–µ —Ç–µ–ª–µ–≥—Ä–∞–º –ó–ú–Ü.,413064,#,#,23 min
–ù–û–í–û–°–¢–ò –ë–õ–û–ì–ï–†–û–í,–°–æ–±–∏—Ä–∞–µ–º –¥–ª—è –≤–∞—Å —Å–∞–º—ã–µ —Å–≤–µ–∂–∏–µ –ù–æ–≤–æ—Å—Ç–∏ –ë–ª–æ–≥–µ—Ä–æ–≤,412602,#,#,50 min
–û–ø–µ—Ä–∞—Ç–∏–≤–Ω–∏–π –ó–°–£,"–û–ø–µ—Ä–∞—Ç–∏–≤–Ω—ñ –Ω–æ–≤–∏–Ω–∏ –ó–°–£, —Å–∏—Ç—É–∞—Ü—ñ—è –Ω–∞ —Ñ—Ä–æ–Ω—Ç—ñ —Ç–∞ –≤—Å–µ –ø—Ä–æ –£–∫—Ä–∞—ó–Ω—É",412569,#,#,54 min
–û—Å—Ç–∞—à–∫–æ! –í–∞–∂–Ω–æ–µ,–ù–æ–≤–æ—Å—Ç–∏ –æ—Ç —Ç–µ–ª–µ–≤–µ–¥—É—â–µ–≥–æ –†—É—Å–ª–∞–Ω–∞ –û—Å—Ç–∞—à–∫–æ,407486,#,#,14 min
–ù–ï Z–õ–ò –†–£–°–°–ö–û–ì–û –ú–ï–îV–ï–î–Ø üá∑üá∫,–ü–æ –≤–æ–ø—Ä–æ—Å–∞–º —Ä–µ–∫–ª–∞–º—ã (–≤–ª–∞–¥–µ–ª–µ—Ü) - @R0ksizgd_new (–æ–ø–ª–∞—Ç–∞ –∏ –ø–æ–∫—É–ø–∫–∞ —Ç–æ–ª—å–∫–æ –∑–¥–µ—Å—å),406124,#,#,82 min
–ì–ª–∞–≤–Ω—ã–µ –Ω–æ–≤–æ—Å—Ç–∏,–ü—Ä–æ–¥–æ–ª–∂–µ–Ω–∏–µ —Ç—É—Ç,403513,#,#,87 min
–°–æ—Ü–∏–∞–ª—å–Ω—ã–π —Ñ–æ–Ω–¥ –†–æ—Å—Å–∏–∏,–î–æ–±—Ä–æ –ø–æ–∂–∞–ª–æ–≤–∞—Ç—å –≤ –æ—Ñ–∏—Ü–∏–∞–ª—å–Ω—ã–π –∫–∞–Ω–∞–ª –°–æ—Ü–∏–∞–ª—å–Ω–æ–≥–æ —Ñ–æ–Ω–¥–∞ –†–æ—Å—Å–∏–∏!,401991,#,#,2 days
BBC News | –†—É—Å—Å–∫–∞—è —Å–ª—É–∂–±–∞,–û—Ñ–∏—Ü–∏–∞–ª—å–Ω—ã–π –∫–∞–Ω–∞–ª,401539,#,#,40 min
–ú–ò–†–û–¢–í–û–†–ï–¶,–ù–æ–≤–æ—Å—Ç–∏ –≤ –º–æ–º–µ–Ω—Ç–µ!,401513,#,#,84 min
–ò–≤–∞–Ω –£—Ç–µ–Ω–∫–æ–≤ | –ù–æ–≤–æ—Å—Ç–∏,Ô∏è–û —Å–∞–º–æ–º –≤–∞–∂–Ω–æ–º!,400540,#,#,52 min
–°–∞–Ω–∫—Ü–∏–∏ –≤ –†–§,–†–µ–∫–ª–∞–º–∞ –∏ —Å–æ—Ç—Ä—É–¥–Ω–∏—á–µ—Å—Ç–≤–æ: @dan_sanctions,399985,#,#,17 hours
–¢—Ä–∏–≤–æ–≥–∞ –£–∫—Ä–∞—ó–Ω–∏ | –†–∞–¥–∞—Ä,"Ô∏è–ö–∞–Ω–∞–ª, —è–∫–∏–π —ñ–Ω—Ñ–æ—Ä–º—É—î –ø—Ä–æ —Ç—Ä–∏–≤–æ–≥–∏, –ø—É—Å–∫–∏ —ñ –Ω–∞–ø—Ä—è–º–æ–∫ –≤–æ—Ä–æ–∂–∏—Ö –†–∞–∫–µ—Ç/–®–∞—Ö–µ–¥—ñ–≤.",391026,#,#,3 hours
–ë–∞–≤–æ–≤–Ω–∞ ‚ñ≥,–ó–∞–ø—Ä–æ–ø–æ–Ω—É–≤–∞—Ç–∏ –∫–æ–Ω—Ç–µ–Ω—Ç –∞–±–æ –∑–≤‚Äô—è–∑–∞—Ç–∏—Å—è –∑ –∫–∞–Ω–∞–ª–æ–º - @SuggestBavovna_Bot,380166,#,#,94 min
‚àÜ‚úôüçí–ì–Ω–∏–ª–∞ —á–µ—Ä–µ—à–Ω—èüá∫üá¶‚úô‚àÜ,–ö–∞–Ω–∞–ª –º–µ–ª—ñ—Ç–æ–ø–æ–ª—å—Å—å–∫–æ–≥–æ –ø–∞—Ä—Ç–∏–∑–∞–Ω—Å—å–∫–æ–≥–æ –∑–∞–≥–æ–Ω—É –≥–µ–Ω–µ—Ä–∞–ª–∞ –ß–µ—Ä–µ—à–Ω—ñ,378601,#,#,100 min
–ë–£–¢–£–°–û–í –ü–õ–Æ–°,–û—Ñ—ñ—Ü—ñ–π–Ω–∏–π –∫–∞–Ω–∞–ª –≥–æ–ª–æ–≤–Ω–æ–≥–æ —Ä–µ–¥–∞–∫—Ç–æ—Ä–∞ –¶–µ–Ω–∑–æ—Ä.–ù–µ—Ç –Æ—Ä—ñ—è –ë—É—Ç—É—Å–æ–≤–∞,378577,#,#,61 min
"–î–æ–±—Ä–æ–≥–æ –≤–µ—á–æ—Ä–∞, –º–∏ –∑ –£–∫—Ä–∞—ó–Ω–∏üëã","–û—Å—Ç–∞–Ω–Ω—ñ –Ω–æ–≤–∏–Ω–∏ –£–∫—Ä–∞—ó–Ω–∏ —ñ —Å–≤—ñ—Ç—É, –Ω–æ–≤–∏–Ω–∏ –æ–Ω–ª–∞–π–Ω.",374824,#,#,19 min
–û–ø–æ–≤—ñ—â–µ–Ω–Ω—è –¶–ó,–û–ø–µ—Ä–∞—Ç–∏–≤–Ω–∞ —ñ–Ω—Ñ–æ—Ä–º–∞—Ü—ñ—è –∑ –ø–∏—Ç–∞–Ω—å –¶–∏–≤—ñ–ª—å–Ω–æ–≥–æ –∑–∞—Ö–∏—Å—Ç—É,371148,#,#,5 days
WARSHAL ‚úô,"–ù–æ–≤–∏–Ω–∏, –ø–æ–ª—ñ—Ç–∏–∫–∞, –≤—ñ–π–Ω–∞, —Ñ–æ—Ç–æ —Ç–∞ –≤—ñ–¥–µ–æ, –ø–æ–ª—ñ—Ç–∏—á–Ω—ñ —ñ–Ω—Å–∞–π–¥–∏.",368286,#,#,18 min
–î–¢–ï–ö - –æ—Ñ—ñ—Ü—ñ–π–Ω–∏–π –∫–∞–Ω–∞–ª,–Ñ–¥–∏–Ω–∏–π –æ—Ñ—ñ—Ü—ñ–π–Ω–∏–π –∫–∞–Ω–∞–ª –ì—Ä—É–ø–∏ –î–¢–ï–ö,360491,#,#,2 days
–°—ñ—Ä–∏–π –ö–∞—Ä–¥–∏–Ω–∞–ª,"–ü—É–±–ª—ñ–∫—É—é –ø—Ä–∞–≤–¥—É, —è–∫–æ—é –± –≤–æ–Ω–∞ –Ω–µ –±—É–ª–∞. –¢—ñ–ª—å–∫–∏ —Ñ–∞–∫—Ç–∏, —Ç—ñ–ª—å–∫–∏ —ñ–Ω—Å–∞–π–¥–∏, —Ç—ñ–ª—å–∫–∏ —Ä–µ–∞–ª—å–Ω—ñ—Å—Ç—å.",349415,#,#,20 min
–•—É –ö–∏—ó–≤ + | –£–∫—Ä–∞—ó–Ω–∞,"–ù–∞–π–∞–∫—Ç—É–∞–ª—å–Ω—ñ—à—ñ —Ç–∞ –Ω–∞–π–≥–∞—Ä—è—á—ñ—à—ñ –Ω–æ–≤–∏–Ω–∏ –ö–∏—î–≤–∞ —Ç–µ, —â–æ –Ω–µ –ø–æ–∫–∞–∂—É—Ç—å –ø–æ –¢–ë Ô∏è",348500,#,#,58 min
–ë–∞–≤–æ–≤–Ω–∞ T–ë üá∫üá¶,–û–ø–µ—Ä–∞—Ç–∏–≤–Ω–∞ —ñ–Ω—Ñ–æ—Ä–º–∞—Ü—ñ—è –ø—ñ–¥ —á–∞—Å —Ç—Ä–∏–≤–æ–≥.,348252,#,#,21 min
XYDESSA LIVE,"–∞–∫—Ç—É–∞–ª—å–Ω—ã–µ –ø—Ä–æ–∏—Å—à–µ—Å—Ç–≤–∏—è –∏ —Ç–æ, —á—Ç–æ –Ω–µ –ø–æ–ø–∞–¥–∞–µ—Ç –≤ –æ—Å–Ω–æ–≤–Ω–æ–π –∫–∞–Ω–∞–ª @xydessa",341305,#,#,73 min
–£–∫—Ä–∞—ó–Ω–∞ –°—å–æ–≥–æ–¥–Ω—ñ | –ù–æ–≤–∏–Ω–∏,Ô∏è–ó–∞—è–≤–∫–∏ –ø—Ä–∏–π–º–∞—é—Ç—å—Å—è –∞–≤—Ç–æ–º–∞—Ç–∏—á–Ω–æ,340476,#,#,39 min
–ù–ï–í–Ü–î–û–ú–ò–ô,–ì–æ–ª–æ–≤–Ω–∏–π –Ω–µ–≤—ñ–¥–æ–º–∏–π –∫–∞–Ω–∞–ª –∫—Ä–∞—ó–Ω–∏.,339587,#,#,27 min
–£–∫—Ä–∞—ó–Ω–µ—Ü—å –î–æ–ø–æ–≤—ñ–¥–∞—î,"–ü–æ–ª—ñ—Ç–∏–∫–∞, –Ω–æ–≤–∏–Ω–∏, —ñ–Ω—Å–∞–π–¥–∏",338657,#,#,25 min
–ù–∞–≥–ª—è–¥–∞—áüõ°Ô∏è,Ô∏è–í–∞—à —ñ–Ω—Ñ–æ—Ä–º–∞—Ü—ñ–π–Ω–∏–π –Ω–∞–≥–ª—è–¥–∞—á —Ç–∞ –∑–∞—Ö–∏—Å–Ω–∏–∫!,338636,#,#,23 min
–¶–ê–ü–õ–Ü–Ñ–ù–ö–û_UKRAINE FIGHTS,ü´°–¢–µ–ª–µ–≥—Ä–∞–º-–∫–∞–Ω–∞–ª –ø—Ä–æ –±–æ—Ä–æ—Ç—å–±—É –∑–∞ —Å–≤–æ–±–æ–¥—É,337390,#,#,66 min
–ö–∏—ó–≤ | Times,"–ö–∏—ó–≤—Å—å–∫–µ –º–µ–¥—ñ–∞, —è–∫–æ–º—É –¥–æ–≤—ñ—Ä—è—é—Ç—å.",337184,#,#,44 min
–•—É–µ–≤—ã–π –•–µ—Ä—Å–æ–Ω üá∫üá¶,"–ù–æ–≤–∏–Ω–∏ –•–µ—Ä—Å–æ–Ω—É, –Ω–∞–º –¥–æ–≤—ñ—Ä—è—é—Ç—å —É–∫—Ä–∞—ó–Ω—Ü—ñ",334591,#,#,39 min
–ë–î–°–ù | –í—ñ–π–Ω–∞ 2025 | –ù–æ–≤–∏–Ω–∏ | –ö—É—Ä—Å—å–∫ üá∫üá¶,–ü–µ—Ä—à–µ –≤—ñ–ª—å–Ω–µ —ñ–Ω—Ñ–æ—Ä–º–∞—Ü—ñ–π–Ω–µ –∞–≥–µ–Ω—Å—Ç–≤–æ –ë–î–°–ù.,332586,#,#,2 hours
–ß–æ—Ä–Ω–∞ —Å–∫—Ä–∏–Ω—è | BlackBOX,"–ì–æ–ª–æ–≤–Ω—ñ —Ä–æ–∑—Å–ª—ñ–¥—É–≤–∞–Ω–Ω—è –∫—Ä–∞—ó–Ω–∏: –∫–æ—Ä—É–ø—Ü—ñ—è, –∫–æ–ª–ª–∞–±–æ—Ä–∞–Ω—Ç–∏, –∑–ª–æ—á–∏–Ω—Ü—ñ —É –≤–ª–∞–¥—ñ",331410,#,#,20 min
‚úô –ö–∏—ó–≤ –û–ø–µ—Ä–∞—Ç–∏–≤–Ω–∏–π | Kyiv Operative ‚úô,–ó–≤–æ—Ä–æ—Ç–Ω–∏–π –∑–≤'—è–∑–æ–∫: @kyivoperative1,326348,#,#,16 min
–û–¥–µ—Å—Å–∞ –∫–∞–∫ –æ–Ω–∞ –µ—Å—Ç—å,"–°—Ç—Ä–∞–Ω–∏—Ü–∞ –ø–æ—Å–≤—è—â–µ–Ω–∞ –Ω–∞—à–µ–π –≥–æ—Ä—è—á–æ –ª—é–±–∏–º–æ–π –û–¥–µ—Å—Å–µ-–º–∞–º–µ –∏ –û–¥–µ—Å—Å–∫–æ–π –æ–±–ª–∞—Å—Ç–∏, —Ç–∞–∫–æ–π, –∫–∞–∫ –æ–Ω–∞ –µ—Å—Ç—å!",324207,#,#,31 min
üá∫üá¶–£–ö–†–ê–á–ù–ê‚ö°Ô∏è–ü–æ–ª—ñ—Ç–∏–∫–∞‚ö°Ô∏è–ù–æ–≤–∏–Ω–∏,"Ô∏è–ü–æ–ª—ñ—Ç–∏–∫–∞, –ù–æ–≤–∏–Ω–∏, —ñ–Ω—Å–∞–π–¥–∏ ‚Äî –≤—Å–µ –≤ –æ–¥–Ω–æ–º—É –∫–∞–Ω–∞–ª—ñ",324157,#,#,18 min
3-—Ç—è –æ–∫—Ä–µ–º–∞ —à—Ç—É—Ä–º–æ–≤–∞ –±—Ä–∏–≥–∞–¥–∞,–û—Ñ—ñ—Ü—ñ–π–Ω–∏–π –∫–∞–Ω–∞–ª 3 –û–®–ë—Ä.,321690,#,#,5 hours
–ß–ü –î–æ–Ω–µ—Ü–∫,Ô∏è–û –≥–ª–∞–≤–Ω–æ–º –≤ –î–æ–Ω–µ—Ü–∫–µ –∏ –î–ù–†,318352,#,#,58 min
–î–Ω—ñ–ø—Ä–æ –û–ø–µ—Ä–∞—Ç–∏–≤–Ω–∏–π üá∫üá¶| –í—ñ–π–Ω–∞,"–û–ø–µ—Ä–∞—Ç–∏–≤–Ω—ñ —Ç–∞ –ø–µ—Ä–µ–≤—ñ—Ä–µ–Ω—ñ –∫—Ä–∏–º—ñ–Ω–∞–ª—å–Ω—ñ –Ω–æ–≤–∏–Ω–∏ –î–Ω—ñ–ø—Ä–∞ —Ç–∞ –æ–±–ª–∞—Å—Ç—ñ. –ù–∞–π–≥–æ–ª–æ–≤–Ω—ñ—à—ñ –Ω–æ–≤–∏–Ω–∏ –∫—Ä–∞—ó–Ω–∏. –ú–∏ –≥–æ–≤–æ—Ä–∏–º–æ —Ç–µ, —â–æ —ñ–Ω—à—ñ –±–æ—è—Ç—å—Å—è. –î—ñ–∑–Ω–∞–≤–∞–π—Å—è –Ω–æ–≤–∏–Ω–∏ –ø–µ—Ä—à–∏–º, –±–µ–∑ —Ñ–µ–π–∫—ñ–≤.",318029,#,#,34 min
üöÄ –†–ê–ö–ï–¢–ù–ê –Ω–µ–ë–ï–ó–ü–ï–ö–ê üöÄ,–û–ø–æ–≤—ñ—â–µ–Ω–Ω—è –ø—Ä–æ —Ä–∞–∫–µ—Ç–Ω—É –Ω–µ–ë–ï–ó–ü–ï–ö–£ —É –õ–¨–í–û–í–Ü —Ç–∞ –æ–±–ª–∞—Å—Ç—ñü´°,310098,#,#,2 days
–ù–æ–≤–∏–Ω–∏ –¢–≤–æ—î—ó –ö—Ä–∞—ó–Ω–∏ üá∫üá¶,"–ö–æ—Ä–µ—Å–ø–æ–Ω–¥–µ–Ω—Ç–∏, —è–∫—ñ –ø—Ä–∞—Ü—é—é—Ç—å 24/7.",309194,#,#,79 min
–ü–æ–≤—ñ—Ç—Ä—è–Ω–∞ –¢—Ä–∏–≤–æ–≥–∞,"–û—Ñ—ñ—Ü—ñ–π–Ω–∏–π –∫–∞–Ω–∞–ª, —â–æ —ñ–Ω—Ñ–æ—Ä–º—É—î –ø—Ä–æ –ø–æ–≤—ñ—Ç—Ä—è–Ω—É —Ç—Ä–∏–≤–æ–≥—É –≤ –±—É–¥—å-—è–∫–æ–º—É —Ä–µ–≥—ñ–æ–Ω—ñ –£–∫—Ä–∞—ó–Ω–∏. –Ü–Ω—Ñ–æ—Ä–º–∞—Ü—ñ—è –Ω–∞–¥–∞—î—Ç—å—Å—è –æ—Ä–≥–∞–Ω–∞–º–∏ –≤–∏–∫–æ–Ω–∞–≤—á–æ—ó –≤–ª–∞–¥–∏ –£–∫—Ä–∞—ó–Ω–∏.",309089,#,#,57 min
–°–í–û–á | –ù–æ–≤–∏–Ω–∏‚ö°Ô∏è,–°–í–û–á - –Ω–æ–≤–µ –º–µ–¥—ñ–∞ –ø—Ä–æ –Ω–æ–≤–∏–Ω–∏ –≤ –£–∫—Ä–∞—ó–Ω—ñ  @svoiua,306161,#,#,25 min
–¢—Ä—É—Ö–∞‚ö°Ô∏è–î–Ω–µ–ø—Ä | –î–Ω—ñ–ø—Ä–æ | –ù–æ–≤–∏–Ω–∏,Ô∏è–ü–æ –≤–æ–ø—Ä–æ—Å–∞–º —Ä–µ–∫–ª–∞–º—ã:,303216,#,#,70 min
–õ—å–≤—ñ–≤–∏—á | –ù–æ–≤–∏–Ω–∏,–õ—å–≤—ñ–≤–∏—á ‚Äì —Ç–µ–ª–µ–≥—Ä–∞–º-–∫–∞–Ω–∞–ª ‚Ññ1 —É –õ—å–≤–æ–≤—ñ. –¢–≤—ñ–π –Ω–∞–π–∫—Ä–∞—â–∏–π –∫–æ–ª—î“ë–∞. –ó–Ω–∞—é –≤—Å—ñ –Ω–æ–≤–∏–Ω–∏,295109,#,#,71 min
1-–π –∫–æ—Ä–ø—É—Å –ù–ì–£ ¬´–ê–∑–æ–≤¬ª,–û—Ñ—ñ—Ü—ñ–π–Ω–∏–π –∫–∞–Ω–∞–ª 1-–≥–æ –∫–æ—Ä–ø—É—Å—É –ù–ì–£ ¬´–ê–∑–æ–≤¬ª.,289156,#,#,5 hours
–ö–∏—ó–≤—Å—å–∫–∏–π –î–∏–º–æ–Ω,"–ü–æ–ø–µ—Ä–µ–¥–∂–∞—é –ø—Ä–æ –Ω–µ–±–µ–∑–ø–µ–∫—É —Ç–æ—á–Ω–æ —ñ –∑–∞–∑–¥–∞–ª–µ–≥—ñ–¥—å. –Ü–Ω—Å–∞–π–¥–∏, –Ω–æ–≤–∏–Ω–∏, –¥—É–º–∫–∏.",286227,#,#,64 min
–°–£–°–ü–Ü–õ–¨–ù–ï –ù–û–í–ò–ù–ò,–£—Å—ñ –Ω–æ–≤–∏–Ω–∏ –≤ –æ–¥–Ω–æ–º—É –¢–µ–ª–µ–≥—Ä–∞–º—ñ. –û—Ñ—ñ—Ü—ñ–π–Ω–∏–π –∫–∞–Ω–∞–ª –Ω–æ–≤–∏–Ω –°—É—Å–ø—ñ–ª—å–Ω–æ–≥–æ.,283058,#,#,91 min
–ù–æ–≤–∏–Ω–∏ UA | –£–∫—Ä–∞—ó–Ω–∞,"–ê–∫—Ç—É–∞–ª—å–Ω—ñ –Ω–æ–≤–∏–Ω–∏ –£–∫—Ä–∞—ó–Ω–∏ - –ª–∞–∫–æ–Ω—ñ—á–Ω–æ —Ç–∞ –∑–º—ñ—Å—Ç–æ–≤–Ω–æ! –ü—Ä–∏—î–¥–Ω—É–π—Ç–µ—Å—å, —â–æ–± –±—É—Ç–∏ –∑–∞–≤–∂–¥–∏ –≤ –∫—É—Ä—Å—ñ –ø–æ–¥—ñ–π!",281075,#,#,24 min
–ó–∞—Ö—ñ–¥ –ì–æ–ª–æ–≤–Ω–µ,–ù–∞–π–±—ñ–ª—å—à–∏–π —Ç–µ–ª–µ–≥—Ä–∞–º-–∫–∞–Ω–∞–ª –ó–∞—Ö–æ–¥—É –£–∫—Ä–∞—ó–Ω–∏ Ô∏è,275268,#,#,47 min
–ü–∞—Ç—Ä—ñ–æ—Ç,–Ñ–¥–∏–Ω–µ –Ω–∞—Ä–æ–¥–Ω–µ –º–µ–¥—ñ–∞.,270649,#,#,24 min
–ê–¥–≤–æ–∫–∞—Ç –ú—ñ–ª–µ—Ä,–ê–∫—Ç—É–∞–ª—å–Ω—ñ –Ω–æ–≤–∏–Ω–∏ —Ç—É—Ç —ñ –∑–∞—Ä–∞–∑.  –ú–µ–Ω–µ –∑–≤—É—Ç—å –°–µ—Ä–≥—ñ–π –ú—ñ–ª–µ—Ä. –°—Ç–∞–∂ –≤ –≥–∞–ª—É–∑—ñ –ø—Ä–∞–≤–∞ 10 —Ä–æ–∫—ñ–≤.,268333,#,#,21 min
–û—Ñ—ñ—Ü—ñ–π–Ω–∏–π –†–∞–¥–∞—Äüá∫üá¶,–ú–∏ –º–æ–∂–µ–º–æ —ñ–Ω—Ñ–æ—Ä–º—É–≤–∞—Ç–∏ –Ω–∞—Å–µ–ª–µ–Ω–Ω—è –ø—Ä–æ –ü–æ–≤—ñ—Ç—Ä—è–Ω—É –ù–µ–±–µ–∑–ø–µ–∫—ÉÔ∏è,266491,#,#,9 min
–¢–∏–ø–∏—á–Ω–∞—è –£–∫—Ä–∞–∏–Ω–∞ ‚Äî –ù–æ–≤–æ—Å—Ç–∏,"–¢–£–∫—Ä–∞—ó–Ω–∞ ‚Äî –∫–∞–Ω–∞–ª –¥–ª—è —Ç–∏—Ö, —Ö—Ç–æ —Ö–æ—á–µ –±—É—Ç–∏ –≤ –∫—É—Ä—Å—ñ –Ω–∞–π—Å–≤—ñ–∂—ñ—à–∏—Ö –Ω–æ–≤–∏–Ω –£–∫—Ä–∞—ó–Ω–∏. –ú–∏ –≤–æ–ª–æ–¥—ñ—î–º–æ —ñ–Ω—Å–∞–π–¥–µ—Ä—Å—å–∫–æ—é —ñ–Ω—Ñ–æ—Ä–º–∞—Ü—ñ—î—é —ñ –ø–µ—Ä—à–∏–º–∏ –ø–æ–≤—ñ–¥–æ–º–ª—è—î–º–æ –ø—Ä–æ –≤–∞–∂–ª–∏–≤—ñ –ø–æ–¥—ñ—ó –≤ –∫—Ä–∞—ó–Ω—ñ. –ë—É–¥—å—Ç–µ —Å–µ—Ä–µ–¥ –ø–µ—Ä—à–∏—Ö, —Ö—Ç–æ –¥—ñ–∑–Ω–∞—î—Ç—å—Å—è!",264376,#,#,51 min
–•–º–µ–ª—å–Ω–∏—Ü—å–∫–∏–π LIVE,–ù–∞–π–±—ñ–ª—å—à–∏–π –Ω–æ–≤–∏–Ω–Ω–∏–π —Ä–µ—Å—É—Ä—Å –º—ñ—Å—Ç–∞ –±–µ–∑ —Ü–µ–Ω–∑—É—Ä–∏,263646,#,#,27 min
–¢–æ—Ç–∞–ª—å–Ω–∞ –ó—Ä–∞–¥–∞,–¢–æ—Ç–∞–ª—å–Ω–∞ –ó—Ä–∞–¥–∞ - –≤—ñ–ª—å–Ω—ñ –Ω–æ–≤–∏–Ω–∏ –¥–ª—è –≤—ñ–ª—å–Ω–∏—Ö –ª—é–¥–µ–π. –°–ª–∞–≤–∞ –£–∫—Ä–∞√Ø–Ωi! Ô∏è,262996,#,#,3 hours
–û—Ñ—ñ—Ü—ñ–π–Ω–æ –£–∫—Ä–∞—ó–Ω–∞,–û—Ñ—ñ—Ü—ñ–π–Ω–∏–π —Ç–µ–ª–µ–≥–∞—Ä–∞–º –∫–∞–Ω–∞–ª –£–∫—Ä–∞—ó–Ω–∏,262084,#,#,21 min
üîä–ß–æ–º—É —Ç—Ä–∏–≤–æ–≥–∞?üö®,https://base.monobank.ua/6BQDPctLafEYQ1,261847,#,#,78 min
–ñ–µ—Å—Ç—å –£–∫—Ä–∞—ó–Ω–∏,–ó–∞–ø—Ä–æ—à–µ–Ω–Ω—è –¥–æ –∫–∞–Ω–∞–ª—É: https://t.me/+lLIuXb8wy-s0MmIy,260474,#,#,74 min
–ú–æ—Å–∫–≤–∏—á–∏ / ¬´–ù–æ–≤–æ—Å—Ç–∏ –ú–æ—Å–∫–≤—ã¬ª,‚ñ™Ô∏è–ê–Ω–æ–Ω–∏–º–Ω–æ –ø—Ä–∏—Å–ª–∞—Ç—å –Ω–æ–≤–æ—Å—Ç—å - https://t.me/mosmapbot,117178,#,#,51 min
–ù–æ–≤–æ—Å—Ç–∏ 18+ | –•–∞–∫–µ—Ä—ã –ù–∞—Ä–∫–æ—Ç–∏–∫–∏ –ö—Ä–∏–ø—Ç–∞ –ö—Ä–∏–º–∏–Ω–∞–ª,Ô∏è –†–µ–∫–ª–∞–º–∞ / –í–∑–∞–∏–º–æ–ø–∏–∞—Ä: @px_tg,70614,#,#,4 hours
–ß–∞—Ç –ú–æ—Å–∫–≤–∞,–ß–∞—Ç –¥–ª—è –ø–æ–∏—Å–∫–∞ –∏ –ø—É–±–ª–∏–∫–∞—Ü–∏–∏ –∏–Ω—Ñ–æ—Ä–º–∞—Ü–∏–∏ –Ω–∞ —Ç–µ—Ä—Ä–∏—Ç–æ—Ä–∏–∏ –ú–æ—Å–∫–≤—ã,66976,#,#,76 min
—á–∞—Ç –ï–∫–∞—Ç–µ—Ä–∏–Ω–±—É—Ä–≥,–ß–∞—Ç –¥–ª—è –ø–æ–∏—Å–∫–∞ –∏ –ø—É–±–ª–∏–∫–∞—Ü–∏–∏ –∏–Ω—Ñ–æ—Ä–º–∞—Ü–∏–∏ –Ω–∞ —Ç–µ—Ä—Ä–∏—Ç–æ—Ä–∏–∏ –ï–∫–∞—Ç–µ—Ä–∏–Ω–±—É—Ä–≥–∞,63387,#,#,58 min
KHARKOV-News|–í–æ–π–Ω–∞ –≤ –£–∫—Ä–∞–∏–Ω–µ|–ü–µ—Ä–≤—ã–π –û–ø–µ—Ä–∞—Ç–∏–≤–Ω—ã–π –∫–∞–Ω–∞–ª,"–°–∞–º–∞—è –ø–æ–ª–Ω–∞—è –∏–Ω—Ñ–æ—Ä–º–∞—Ü–∏—è –æ –±–æ–µ–≤—ã—Ö –¥–µ–π—Å—Ç–≤–∏—è—Ö –∏ —É–≥—Ä–æ–∑–∞—Ö.  –û–ø–µ—Ä–∞—Ç–∏–≤–Ω—ã–µ –Ω–æ–≤–æ—Å—Ç–∏. –ê–Ω–∞–ª–∏—Ç–∏–∫–∞, –æ–±–∑–æ—Ä—ã, —Å–≤–æ–¥–∫–∏.",60312,#,#,72 min
Ateo Premium ChatÔ∏è,–ü–ª–∞—Ç–Ω–∞—è —Ä–∞–∑–±–ª–æ–∫–∏—Ä–æ–≤–∫–∞ –ø–æ—Å–ª–µ –Ω–∞—Ä—É—à–µ–Ω–∏—è –ø—Ä–∞–≤–∏–ª —á–∞—Ç–∞ ‚Äî @mpeliq,55091,#,#,51 min
–ü–ü–û –£–∫—Ä–∞—ó–Ω–∏,–ê–∫—Ç—É–∞–ª—å–Ω—ñ —Ç–∞ –ø–µ—Ä–µ–¥–æ–≤—ñ –Ω–æ–≤–∏–Ω–∏ –£–∫—Ä–∞—ó–Ω–∏,54459,#,#,76 min
–ú–æ—Å–∫–≤–∞ —Å–µ–≥–æ–¥–Ω—è —á–∞—Ç,"Ô∏è–†–∞–∑–±–ª–æ–∫–∏—Ä–æ–≤–∫–∞ –≤ —á–∞—Ç–µ, –æ–±—Ä–∞—â–∞–π—Ç–µ—Å—å —Å—é–¥–∞ ‚Äî  @mostodaysupportbot",43910,#,#,48 min
–ë–µ—Ä–¥—è–Ω—Å–∫ –ü–µ—Ä–µ–∫–ª–∏—á–∫–∞,"–ì—Ä—É–ø–ø–∞ ‚Ññ1 –ø—Ä–æ –æ–±—Å—Ç–∞–Ω–æ–≤–∫—É –≤ –ë–µ—Ä–¥—è–Ω—Å–∫–µ –∏ –ë–µ—Ä–¥—è–Ω—Å–∫–æ–º —Ä–∞–π–æ–Ω–µ –≤ —Ä–µ–∞–ª—å–Ω–æ–º –≤—Ä–µ–º–µ–Ω–∏. –ê —Ç–∞–∫–∂–µ –≤–∑–∞–∏–º–Ω–∞—è –ø–æ–º–æ—â—å, –Ω–µ–º–Ω–æ–≥–æ —Ä–µ–∫–ª–∞–º—ã –∏ –≤–∞–∂–Ω—ã–µ –Ω–æ–≤–æ—Å—Ç–∏.",41064,#,#,55 min
–°–∏—Ç—É–∞—Ü–∏—è –Ω–∞ –ö—Ä—ã–º—Å–∫–æ–º –º–æ—Å—Ç—É,–†–µ–∫–ª–∞–º–∞ @owl_bubo,39714,#,#,2 hours
–ö–æ–º–º–µ–Ω—Ç–∞—Ä–∏–∏ –∫ –Ω–æ–≤–æ—Å—Ç—è–º –í–æ—Ä–æ–Ω–µ–∂–∞,–ö–æ–º–º–µ–Ω—Ç–∞—Ä–∏–∏ –∫–∞–Ω–∞–ª–∞ ¬´–¢–∏–ø–∏—á–Ω—ã–π –í–æ—Ä–æ–Ω–µ–∂¬ª @typicalvoronezh,37196,#,#,51 min
RVvoenkory,"–î–æ–±—Ä–æ–≤–æ–ª—å—Ü—ã, –≤–æ–ª–æ–Ω—Ç–µ—Ä—ã –∏ –≤–æ–µ–Ω–Ω—ã–µ –∫–æ—Ä—Ä–µ—Å–ø–æ–Ω–¥–µ–Ω—Ç—ã –†—É—Å—Å–∫–æ–π –í–µ—Å–Ω—ã –¥–µ–π—Å—Ç–≤—É—é—Ç –≤ –±–æ–µ–≤—ã—Ö –ø–æ—Ä—è–¥–∫–∞—Ö –≤–æ–π—Å–∫ –Ω–∞ –î–æ–Ω–±–∞—Å—Å–µ, –£–∫—Ä–∞–∏–Ω–µ –∏ –°–∏—Ä–∏–∏, –ø–æ–ª—É—á–∞—è –∏–Ω—Ñ–æ—Ä–º–∞—Ü–∏—é –∏–∑ —Å–∞–º—ã—Ö –≥–æ—Ä—è—á–∏—Ö —Ç–æ—á–µ–∫",37096,#,#,47 days
üçí–ì–Ω–∏–ª–∞ —á–µ—Ä–µ—à–Ω—èüá∫üá¶ Chat,,32792,#,#,2 hours
—á–∞—Ç –°–∞–Ω–∫—Ç-–ü–µ—Ç–µ—Ä–±—É—Ä–≥,–ß–∞—Ç –¥–ª—è –ø–æ–∏—Å–∫–∞ –∏ –ø—É–±–ª–∏–∫–∞—Ü–∏–∏ –∏–Ω—Ñ–æ—Ä–º–∞—Ü–∏–∏ –Ω–∞ —Ç–µ—Ä—Ä–∏—Ç–æ—Ä–∏–∏ –°–∞–Ω–∫—Ç-–ü–µ—Ç–µ—Ä–±—É—Ä–≥–∞,29759,#,#,4 hours
–ù–æ–≤–∏–Ω–∏ –•–º–µ–ª—å–Ω–∏—Ü—å–∫–∏–π üóûüóû‚åöÔ∏è‚òïÔ∏èüå§,–∞–¥–º—ñ–Ω @angelina_rek,28363,#,#,4 hours
–í—ñ–Ω–Ω–∏—Ü—è –û–Ω–ª–∞–π–Ωüóû‚åöÔ∏èüåÜüèò‚òïÔ∏èüå§,–∞–¥–º—ñ–Ω @angelina_rek,28173,#,#,4 hours
–ö—Ä–∏–≤–∏–π –†—ñ–≥ - –º—ñ—Å—å–∫–∏–π —á–∞—Çüóû‚åöÔ∏è‚òïÔ∏èüå§,–∞–¥–º—ñ–Ω @angelina_rek,28063,#,#,4 hours
–ß–ü –°–æ—á–∏ / –ü—Ä—è–º–æ–π —ç—Ñ–∏—Ä,–û—Ñ–∏—Ü–∏–∞–ª—å–Ω—ã–π –æ—Ç–∫—Ä—ã—Ç—ã–π –ß–ê–¢ –ø—Ä–æ–µ–∫—Ç–∞ ¬´–ß–ü –°–æ—á–∏¬ª.,27830,#,#,47 min
–ß–µ—Ä–Ω—ñ–≤—Ü—ñ ‚ù§Ô∏èüóû‚åöÔ∏èüåÜ‚òïÔ∏èüå§,–∞–¥–º—ñ–Ω @angelina_rek,27387,#,#,4 hours
–•–æ—Ä–æ—à–∏–µ –ù–æ–≤–æ—Å—Ç–∏ –ü–µ—Ç–µ—Ä–±—É—Ä–≥–∞,–ù–æ–≤–æ—Å—Ç–∏ –°–∞–Ω–∫—Ç-–ü–µ—Ç–µ—Ä–±—É—Ä–≥–∞ –∏ –õ–û,26778,#,#,54 min
–ß–ê–¢ - –í–æ—Ä–æ–±—å—ë–≤ LIVE,,26297,#,#,46 min
–ß–∞—Ç –°–∞—Ä–∞—Ç–æ–≤,–ß–∞—Ç –¥–ª—è –ø–æ–∏—Å–∫–∞ –∏ –ø—É–±–ª–∏–∫–∞—Ü–∏–∏ –∏–Ω—Ñ–æ—Ä–º–∞—Ü–∏–∏ –Ω–∞ —Ç–µ—Ä—Ä–∏—Ç–æ—Ä–∏–∏ –°–∞—Ä–∞—Ç–æ–≤–∞,26170,#,#,70 min
–•–ê–†–ö–Ü–í —ñ–Ω—Ñ–æ—á–∞—Ç,"–û–±—Å—Ç–∞–Ω–æ–≤–∫–∞ –ø–æ –•–∞—Ä—å–∫–æ–≤—É –∏ –æ–±–ª–∞—Å—Ç–∏ –≤ —Ä–µ–∞–ª—å–Ω–æ–º –≤—Ä–µ–º–µ–Ω–∏, –∞ —Ç–∞–∫–∂–µ –ø–æ–ª–µ–∑–Ω—ã–µ —Å—Å—ã–ª–∫–∏ –∏ –≤–∞–∂–Ω—ã–µ –Ω–æ–≤–æ—Å—Ç–∏.",26147,#,#,58 min
–ß–µ—Ä–∫–∞—Å–∏ –°—å–æ–≥–æ–¥–Ωiüóû‚åöÔ∏èüåÜ‚òïÔ∏èüå§,–∞–¥–º—ñ–Ω @angelina_rek,25800,#,#,4 hours
–ß–∞—Ç –ö—Ä–∞—Å–Ω–æ–¥–∞—Ä,–ß–∞—Ç –¥–ª—è –ø–æ–∏—Å–∫–∞ –∏ –ø—É–±–ª–∏–∫–∞—Ü–∏–∏ –∏–Ω—Ñ–æ—Ä–º–∞—Ü–∏–∏ –Ω–∞ —Ç–µ—Ä—Ä–∏—Ç–æ—Ä–∏–∏ –ö—Ä–∞—Å–Ω–æ–¥–∞—Ä–∞,25732,#,#,15 hours
–Ü–≤–∞–Ω–æ-–§—Ä–∞–Ω–∫—ñ–≤—Å—å–∫ –ù–æ–≤–∏–Ω–∏üóû‚åöÔ∏èüèî‚òïÔ∏èüå§,–∞–¥–º—ñ–Ω @angelina_rek,25413,#,#,4 hours
–úi–π –ñ–∏—Ç–æ–º–∏—Ä ‚ù§Ô∏èüóû‚åöÔ∏èüåÜüèòüè´üèî‚òïÔ∏èüå§,–∞–¥–º—ñ–Ω @angelina_rek,25312,#,#,4 hours
–ö–∞–∑–∞–Ω—å –ò–Ω—Ñ–æ,,25284,#,#,3 hours
–ü–æ–ª—Ç–∞–≤–∞ –Ü–Ω—Ñ–æüóû‚åöÔ∏è‚òïÔ∏è,–∞–¥–º—ñ–Ω @angelina_rek,25266,#,#,4 hours
–ö–∏—ó–≤ - –º—ñ—Å—å–∫–∏–π —á–∞—Çüóû‚åöÔ∏è‚òïÔ∏èüå§,–∞–¥–º—ñ–Ω @angelina_rek,25200,#,#,4 hours
–úi–π –ö—Ä–æ–ø–∏–≤–Ω–∏—Ü—å–∫–∏–π üóûüóû‚åöÔ∏è‚òïÔ∏èüå§,–∞–¥–º—ñ–Ω @angelina_rek,25068,#,#,4 hours
–°—É–º–∏ ‚Äì —á–∞—Ç –º—ñ—Å—Ç–∞üóû‚åöÔ∏èüåÜ‚òïÔ∏èüå§,–∞–¥–º—ñ–Ω @angelina_rek,24662,#,#,2 hours
–ß–µ—Ä–Ω—ñ–≥—ñ–≤ –°—å–æ–≥–æ–¥–Ω—ñüóû‚åöÔ∏è‚òïÔ∏èüå§,–∞–¥–º—ñ–Ω @angelina_rek,24594,#,#,4 hours
üá∫üá¶–ë–†–û–í–ê–†–ò –ì–†–û–ú–ê–î–êüá∫üá¶ –ß–ê–¢,"–ë—Ä–æ–≤–∞—Ä–∏, –ö–Ω—è–∂–∏—á—ñ, –¢—Ä–µ–±—É—Ö—ñ–≤, –ü–µ—Ä–µ–º–æ–∂–µ—Ü—å",24457,#,#,65 min
–ü–æ–¥—Å–ª—É—à–∞–Ω–æ —á–∞—Ç #1,–†–∞–∑—Ä–µ—à–µ–Ω–æ:,24000,#,#,49 min
"–ü–µ—Ä–µ–∫–ª–∏—á–∫–∞ –î–ù–† | –í–æ–µ–Ω–Ω—ã–π ‚ìè –î–æ–Ω–µ—Ü–∫ | –î–æ–Ω–µ—Ü–∫, –ú–∞–∫–µ–µ–≤–∫–∞, –Ø—Å–∏–Ω–æ–≤–∞—Ç–∞—è, –ì–æ—Ä–ª–æ–≤–∫–∞",–§–æ—Ç–æ/–≤–∏–¥–µ–æ –º–∞—Ç–µ—Ä–∏–∞–ª—ã –º–æ–∂–µ—Ç–µ –æ—Ç–ø—Ä–∞–≤–∏—Ç—å –Ω–∞–º –≤ –±–æ—Ç - @MilitaryDonetsk_feedback_bot,23992,#,#,47 min
–•–æ—Ä–æ—à–∏–µ –ù–æ–≤–æ—Å—Ç–∏ –ú–æ—Å–∫–≤—ã,–ù–æ–≤–æ—Å—Ç–∏ –ú–æ—Å–∫–≤—ã –∏ –ú–û,23764,#,#,54 min
–û–¥–∏–Ω—Ü–æ–≤–æ –ß–ê–¢ üó£,–ì–æ—Ä–æ–¥—Å–∫–æ–π ‚Ññ1,23471,#,#,50 min
–¢–µ—Ä–Ω–æ–ø—ñ–ª—å –°—å–æ–≥–æ–¥–Ωiüóû‚åöÔ∏è‚òïÔ∏èüå§,–ê–∫—Ç—É–∞–ª—å–Ω—ñ –Ω–æ–≤–∏–Ω–∏ –ø—Ä–æ–≥–Ω–æ–∑ –ø–æ–≥–æ–¥–∏ —ñ –±–∞–≥–∞—Ç–æ —ñ–Ω—à–æ–≥–æ –ø—Ä–æ –¢–µ—Ä–Ω–æ–ø–æ–ª–µ,23400,#,#,4 hours
"–ú–æ—Å–∫–≤–∞ –≤ —Å–µ—Ä–¥—Ü–µ | –Ω–æ–≤–æ—Å—Ç–∏, –∞—Ñ–∏—à–∞",–õ—É—á—à–∏–π –ø–∞–±–ª–∏–∫ –æ –∂–∏–∑–Ω–∏ –≤ —Å—Ç–æ–ª–∏—Ü–µ,23238,#,#,64 min
–ú–æ—è –û–¥–µ—Å–∞üóû‚åöÔ∏èüåÜ‚òïÔ∏èüå§,–∞–¥–º—ñ–Ω @angelina_rek,23040,#,#,4 hours
–ù–æ–≤–∏–Ω–∏ –ó–∞–ø–æ—Ä—ñ–∂–∂—èüóû‚åöÔ∏èüåÜ‚òïÔ∏èüå§,–∞–¥–º—ñ–Ω @angelina_rek,22841,#,#,4 hours
–ú–æ—î –†—ñ–≤–Ω–µ!‚ù§Ô∏èüóû‚åöÔ∏è‚òïÔ∏èüå§,–∞–¥–º—ñ–Ω @angelina_rek,22635,#,#,4 hours
–°–ø–µ—Ü–æ–ø–µ—Ä–∞—Ü–∏—è Z Chat,"–û–±—Å—É–∂–¥–∞–µ–º –Ω–æ–≤–æ—Å—Ç–∏. –ù–µ –æ—Å–∫–æ—Ä–±–ª—è–µ–º –¥—Ä—É–≥ –¥—Ä—É–≥–∞, –Ω–µ —Ä–µ–∞–≥–∏—Ä—É–µ–º –Ω–∞ –±–æ—Ç–æ–≤. –ë—É–¥—å—Ç–µ –ª—é–¥—å–º–∏!",22578,#,#,50 min
–ü–æ–¥—Å–ª—É—à–∞–Ω–æ –≤ –ú–∞—Ä–∏—É–ø–æ–ª–µ (–ß–ê–¢) üá∑üá∫üá∑üá∫üá∑üá∫,"–î—Ä—É–∑—å—è, —Ä–µ–∫–æ–º–µ–Ω–¥—É–µ–º –≤–∞–º –ø–æ–¥–ø–∏—Å–∞—Ç—å—Å—è –Ω–∞ —ç—Ç–æ—Ç —Ç–µ–ª–µ–≥—Ä–∞–º-—á–∞—Ç",22468,#,#,2 hours
–î–Ω—ñ–ø—Ä–æ Newsüóû‚åöÔ∏èüåÜ‚òïÔ∏èüå§,–∞–¥–º—ñ–Ω @angelina_rek,22304,#,#,4 hours
–õ—å–≤—ñ–≤ Onlineüóûüóû‚åöÔ∏èüåÜ‚òïÔ∏èüå§,–∞–¥–º—ñ–Ω @angelina_rek,22181,#,#,4 hours
–ü–∏—Ç–µ—Ä —Å–µ–≥–æ–¥–Ω—è —á–∞—Ç,"Ô∏è–†–∞–∑–±–ª–æ–∫–∏—Ä–æ–≤–∫–∞ –≤ —á–∞—Ç–µ –ø–ª–∞—Ç–Ω–∞—è, –æ–±—Ä–∞—â–∞–π—Ç–µ—Å—å —Å—é–¥–∞ ‚Äî  @mostodaysupportbot",21812,#,#,22 min
–ù–æ–≤–æ—Å—Ç–Ω–æ–π —á–∞—Ç 18+,–ù–∞—à –∫–∞–Ω–∞–ª: t.me/zhestnovosty,21757,#,#,49 min
"–ß–∞—Ç –ø—ñ–¥ –ö–∞—à—Ç–∞–Ω–æ–º | –Ü—Ä–ø—ñ–Ω—å, –ë—É—á–∞, –ì–æ—Å—Ç–æ–º–µ–ª—å, –°—Ç–æ—è–Ω–∫–∞, –†–æ–º–∞–Ω—ñ–≤–∫–∞, –í–æ—Ä–∑–µ–ª—å","–ù–∞–π–±—ñ–ª—å—à–∞ —ñ–Ω—Ç–µ—Ä–Ω–µ—Ç-—Å–ø—ñ–ª—å–Ω–æ—Ç–∞ —Ä–µ–≥—ñ–æ–Ω—É. –ú—ñ—Å—Ü–µ, –¥–µ —Ç–∏ –º–æ–∂–µ—à –ø–æ—Å–ø—ñ–ª–∫—É–≤–∞—Ç–∏—Å—å —Ç–∞ –æ–±–≥–æ–≤–æ—Ä–∏—Ç–∏ –±—É–¥—å-—è–∫—ñ —Ç–µ–º–∏ –∑ –º–µ—à–∫–∞–Ω—Ü—è–º–∏ —Å–≤–æ–≥–æ –º—ñ—Å—Ç–∞.",20834,#,#,55 min
–ñ–∏—Ç—Ç—è –ú–∏–∫–æ–ª–∞—î–≤–∞üóû‚åöÔ∏èüåÜ‚òïÔ∏èüå§,–∞–¥–º—ñ–Ω @angelina_rek,20622,#,#,4 hours
–ß–∞—Ç –ú–æ–π –∏ —Ç–≤–æ–π –í–æ—Ä–æ–Ω–µ–∂,–£—é—Ç–Ω—ã–π –≤–æ—Ä–æ–Ω–µ–∂—Å–∫–∏–π —á–∞—Ç–∏–∫. –î–æ–±–∞–≤–ª—è–π –¥—Ä—É–∑–µ–π!,20328,#,#,51 min
–õ—É—Ü—å–∫ Todayüóû‚åöÔ∏è‚òïÔ∏èüå§,–∞–¥–º—ñ–Ω @angelina_rek,20088,#,#,4 hours
–ß–∞—Ç –ß–ü –ö—Ä–∞—Å–Ω–æ–¥–∞—Ä–∞ üîû,–ß–ü –ö—Ä–∞—Å–Ω–æ–¥–∞—Ä–∞ –∏ –∫—Ä–∞—è,20080,#,#,51 min
–ú–°–ö –Ω—å—é—Å,–ù–æ–≤–æ—Å—Ç–∏ –ú–æ—Å–∫–≤—ã,20000,#,#,54 min
–°–µ–ª—å—Å–∫–æ–µ —Ö–æ–∑—è–π—Å—Ç–≤–æ,–°–µ–ª—å—Å–∫–æ–µ —Ö–æ–∑—è–π—Å—Ç–≤–æ –†–æ—Å—Å–∏–∏ –ê–≥—Ä–æ–ø—Ä–æ–º –ü–∏—â–µ–≤–∞—è –ø—Ä–æ–º—ã—à–ª–µ–Ω–Ω–æ—Å—Ç—å –†–æ—Å—Å–∏–∏ –ö–§–• –ö—Ä–µ—Å—Ç—å—è–Ω—Å–∫–æ–µ —Ñ–µ—Ä–º–µ—Ä—Å–∫–æ–µ —Ö–æ–∑—è–π—Å—Ç–≤–æ –∞–≥—Ä–æ –∑–µ—Ä–Ω–æ —Å–µ–ª—å—Ö–æ–∑ –∞–≥—Ä–æ–Ω–æ–º–∏—è,19777,#,#,2 hours
–°–ü–ë –Ω—å—é—Å,–ù–æ–≤–æ—Å—Ç–∏ –°–∞–Ω–∫—Ç-–ü–µ—Ç–µ—Ä–±—É—Ä–≥–∞,19715,#,#,54 min
üá∫üá¶ –ù–æ–≤–æ—Å—Ç–∏ –•–∞—Ä—å–∫–æ–≤/–£–∫—Ä–∞–∏–Ω–∞ üá∫üá¶,–ö–∞–Ω–∞–ª: @XA_news,19515,#,#,85 min
–ö—Ä–∞—Å–Ω–æ–¥–∞—Ä –∏ –∫—Ä–∞–π,–ß–∞—Ç –ö—Ä–∞—Å–Ω–æ–¥–∞—Ä –∏ –ö—Ä–∞–π,19305,#,#,50 min
–ß–ê–¢ 112 | –Ü–≤–∞–Ω–æ-–§—Ä–∞–Ω–∫—ñ–≤—Å—å–∫,"–û–ø–µ—Ä–∞—Ç–∏–≤–Ω–∏–π —á–∞—Ç –Ü–≤–∞–Ω–æ-–§—Ä–∞–Ω–∫—ñ–≤—Å—å–∫–∞, –Ü–≤–∞–Ω–æ-–§—Ä–∞–Ω–∫—ñ–≤—Å—å–∫–∞ –æ–±–ª–∞—Å—Ç—å. –î—ñ–ª–∏–º–æ—Å—è –≤–∞–∂–ª–∏–≤–æ—é —ñ–Ω—Ñ–æ—Ä–º–∞—Ü—ñ—î—é.",19035,#,#,2 hours
–Ø ‚ô•Ô∏è –õ–ê–ó–ê–†–ï–í–°–ö–û–ï,"–†–∞–∑–º–µ—Å—Ç–∏—Ç—å —Ä–µ–∫–ª–∞–º—É –∏–ª–∏ –Ω–æ–≤–æ—Å—Ç—å –Ω–∞ –ª—é–±—ã—Ö –Ω–∞—à–∏—Ö –∫–∞–Ω–∞–ª–∞—Ö, –ø–∏—à–∏—Ç–µ —Å—é–¥–∞",19000,#,#,69 min
–ë–∞—à–î–¢–ü –£—Ñ–∞,–†–µ–∫–ª–∞–º–∞ @smm702,18847,#,#,2 hours
–ì–ª–∞–≤–Ω—ã–π –ß–ê–¢ –õ–ù–† / –°–ü–†–ê–®–ò–í–ê–ô –õ–£–ì–ê–ù–°–ö / –ë–æ–ª—Ç–∞–ª–∫–∞ –ª—É–≥–∞–Ω—á–∞–Ω,–ü–æ –ø–æ–≤–æ–¥—É —Ä–µ–∫–ª–∞–º—ã –ø–∏—Å–∞—Ç—å @redaktor181,18833,#,#,58 min
"–í–æ–ª–Ω–æ–≤–∞—Ö–∞ , –î–æ–Ω—Å–∫–æ–µ –Ω–æ–≤–æ—Å—Ç–∏.","–ü–ò–®–ï–ú , –î–ï–õ–ò–ú–°–Ø –ù–û–í–û–°–¢–Ø–ú–ò.",18729,#,#,59 min
–Æ–Ω—É—Å–∞–±–∞–¥ –†–≠–°–ü/Yunusobod TETK,"–ò–Ω—Ñ–æ—Ä–º–∞—Ü–∏—è –¥–ª—è –∂–∏—Ç–µ–ª–µ–π –æ–± –∞–≤–∞—Ä–∏—è—Ö, —Ä–µ–º–æ–Ω—Ç–Ω—ã—Ö —Ä–∞–±–æ—Ç, –∞–∫—Ü–∏–π –∏ —Ç.–¥",18635,#,#,66 min
–ê–ì–°_–ü–µ—Ä–µ–∫–ª–∏—á–∫–∞_–õ–î–ù–†_–ù–æ–≤–æ—Ä–æ—Å—Å–∏—è_–†–æ—Å—Å–∏—è_–°–í–û,,18627,#,#,2 hours
–ì—Ä—É–ø–ø–∞: –ü–æ–∏—Å–∫ –ª—é–¥–µ–π / –ü–æ—à—É–∫ –ª—é–¥–µ–π,"–ì—Ä—É–ø–ø–∞ - —á–∞—Ç –∫–∞–Ω–∞–ª–∞ ""–ü–æ–∏—Å–∫ –ª—é–¥–µ–π / –ü–æ—à—É–∫ –ª—é–¥–µ–π""",18158,#,#,65 min
–ë–ï–°–•–û–ó–Ø–ô–ù–û–ï –ñ–ò–õ–¨–ï –í –ú–ê–†–ò–£–ü–û–õ–ï,–ò–Ω—Ñ–æ—Ä–º–∞—Ü–∏—è –ø–æ –≤–æ–ø—Ä–æ—Å–∞–º –±–µ—Å—Ö–æ–∑—è–π–Ω–æ–≥–æ –∂–∏–ª—å—è –≤ –ú–∞—Ä–∏—É–ø–æ–ª–µ,18066,#,#,15 hours
–ü–û–î–°–õ–£–®–ê–ù–û –°–æ—á–∏ üå¥,"–í–°–ï –í–û–ü–†–û–°–´ –ü–û –†–ê–ó–ú–ï–©–ï–ù–ò–Æ –†–ï–ö–õ–ê–ú–´ –Ω–∞ –ª—é–±—ã—Ö –Ω–∞—à–∏—Ö –∫–∞–Ω–∞–ª–∞—Ö, –ø–∏—à–∏—Ç–µ",17766,#,#,20 hours
üóûÔ∏èüöÄ –ù–æ–≤–∏–Ω–∏ –≤—ñ–¥ –ô–æ–¥–∏ üá∫üá¶,–ì—Ä—É–ø–∞ –∫–∞–Ω–∞–ª—É ¬´–ù–æ–≤–∏–Ω–∏ –≤—ñ–¥ –ô–æ–¥–∏¬ª: @yodanews24,17622,#,#,56 min
–ü–µ—Ä–µ–∫–ª–∏—á–∫–∞ –ø–æ —Ä–∞–π–æ–Ω–∞–º –î–ù–† (–û—Ç –°–≤–æ–¥–∫–∞ –î–æ–Ω–µ—Ü–∫–∞),–ù–∞—à –æ—Å–Ω–æ–≤–Ω–æ–π –∫–∞–Ω–∞–ª: t.me/donetsksv,17206,#,#,4 hours
–ú–ê–†–ò–£–ü–û–õ–¨ –ù–ê–® üá∑üá∫ –∫–æ–º–º–µ–Ω—Ç–∞—Ä–∏–∏,"–ì—Ä—É–ø–ø–∞ –¥–ª—è –ú–∞—Ä–∏—É–ø–æ–ª—å—Ü–µ–≤ –∏ –≤—Å–µ—Ö, –∫—Ç–æ —Ö–æ—á–µ—Ç –∑–Ω–∞—Ç—å –ø—Ä–∞–≤–¥—É. –ü—Ä–∏—Å–æ–µ–¥–∏–Ω—è–π—Ç–µ—Å—å –∫ –æ–±—Å—É–∂–¥–µ–Ω–∏—é –∂–∏–∑–Ω–∏ –∏ –±—É–¥—É—â–µ–≥–æ –Ω–∞—à–µ–≥–æ –≥–æ—Ä–æ–¥–∞",17040,#,#,57 min
–ß–∞—Ç –∂–∏—Ç–µ–ª–µ–π –î–æ–±—Ä–æ–ø–æ–ª—å—è (16+),–ß–∞—Ç 16+,16972,#,#,53 min
–í–æ–≤—á–∞–Ω—Å—å–∫–∏–π —á–∞—Ç üá∫üá¶,"–ß–∞—Ç –º—ñ—Å—Ç–∞ –í–æ–≤—á–∞–Ω—Å—å–∫,",16837,#,#,23 min
–ú–æ—Å–∫–≤–∞—á ‚Ä¢ Premium-—á–∞—Ç,–ß–∞—Ç –∫–∞–Ω–∞–ª–∞ @moscowach. –í—Ö–æ–¥ —Ç–æ–ª—å–∫–æ —Å –ø–æ–¥–ø–∏—Å–∫–æ–π Telegram Premium,16713,#,#,47 min
–°–µ–≤–µ—Ä–Ω–∞—è üá∫üá¶ –°–∞–ª—Ç–æ–≤–∫–∞,–¢–≤–æ—Ä–∏ –î–æ–±—Ä–æ –≤–æ–∫—Ä—É–≥ —Å–µ–±—è,16684,#,#,52 min
–ê–≤–¥–µ–µ–≤–∫–∞ –ü–µ—Ä–µ–∫–ª–∏—á–∫–∞,–ê–¥–º–∏–Ω—ã –≤ –æ—Ç–ø—É—Å–∫–µ,16571,#,#,4 hours
–ñ–ö –ò–ª—å–∏–Ω—Å–∫–∏–µ –õ—É–≥–∞,–ú–∞—Ç –≤ –ª—é–±–æ–º –≤–∏–¥–µ - –±–∞–Ω,16457,#,#,54 min
–ú–æ—Å–∫–≤–∞ —Å–µ–π—á–∞—Å —á–∞—Ç,"Ô∏è–†–∞–∑–±–ª–æ–∫–∏—Ä–æ–≤–∫–∞ –≤ —á–∞—Ç–µ, –æ–±—Ä–∞—â–∞–π—Ç–µ—Å—å —Å—é–¥–∞ ‚Äî  @mostodaysupportbot",16356,#,#,49 min
57 –•–∞—Ä—å–∫–æ–≤: –ù–æ–≤—ã–µ –¥–æ–º–∞üá∫üá¶–û–¥–µ—Å—Å–∫–∞—èüá∫üá¶–õ–µ–≤–∞–¥–∞üá∫üá¶ –ú–æ—Å–∫–∞–ª–µ–≤–∫–∞üá∫üá¶–ö–æ–Ω–Ω—ã–πüá∫üá¶–û—Å–Ω–æ–≤–∞üá∫üá¶–ê—ç—Ä–æ–ø–æ—Ä—Çüá∫üá¶,–í–∞—Å –ø—Ä–∏–≤–µ—Ç—Å—Ç–≤—É–µ—Ç –¥–µ–º–æ–∫—Ä–∞—Ç–∏—á–Ω—ã–π —á–∞—Ç,16147,#,#,51 min
–ß–∞—Ç –ü–µ—Ä–º—å,–ß–∞—Ç –¥–ª—è –ø–æ–∏—Å–∫–∞ –∏ –ø—É–±–ª–∏–∫–∞—Ü–∏–∏ –∏–Ω—Ñ–æ—Ä–º–∞—Ü–∏–∏ –Ω–∞ —Ç–µ—Ä—Ä–∏—Ç–æ—Ä–∏–∏ –ü–µ—Ä–º–∏,16004,#,#,4 hours
–¢–û–õ–¨–Ø–¢–¢–ò –ß–ê–¢,–ß–∞—Ç –ø–∞–±–ª–∏–∫–∞ ‚Ññ1 –≤ –í–ö –∏ –æ–¥–Ω–æ–∏–º–µ–Ω–Ω–æ–≥–æ —Ç–µ–ª–µ–≥—Ä–∞–º-–∫–∞–Ω–∞–ª–∞ –¢–û–õ–¨–Ø–¢–¢–ò - t.me/tltvip,15835,#,#,47 min
üá∫üá¶–ì–†–û–ú–ê–î–êüá∫üá¶,"–ù–æ–≤–∏–Ω–∏ –ö–∏—ó–≤—Å—å–∫–∞ –æ–±–ª–∞—Å—Ç—å, –£–∫—Ä–∞—ó–Ω–∞.",15563,#,#,84 min
–ë—ñ–ª–∞ –¶–µ—Ä–∫–≤–∞ –í–∞–∂–ª–∏–≤—ñ –Ω–æ–≤–∏–Ω–∏,–ù–æ–≤–∏–Ω–∏ –º—ñ—Å—Ç–∞ –ë—ñ–ª–∞ –¶–µ—Ä–∫–≤–∞. –ê–∫—Ç—É–∞–ª—å–Ω—ñ –Ω–æ–≤–∏–Ω–∏ –∫—Ä–∞—ó–Ω–∏,15507,#,#,3 hours
–ü–æ–º–æ—â—å —É–∫—Ä–∞–∏–Ω—Ü–∞–º –≤ –ì–µ—Ä–º–∞–Ω–∏–∏,–ò–Ω—Ñ–æ—Ä–ø–æ–¥–¥–µ—Ä–∂–∫–∞ –±–µ–∂–∞–≤—à–∏—Ö –∏–∑ –£–∫—Ä–∞–∏–Ω—ã –≤ –ì–µ—Ä–º–∞–Ω–∏—é.,15299,#,#,55 min
–ë–ï–ó–ü–ï–ß–ù–ï –ú–Ü–°–¢–û –û–ë–£–•–Ü–í,–ì—Ä—É–ø–∞ –¥–ª—è —ñ–Ω—Ñ–æ—Ä–º—É–≤–∞–Ω–Ω—è –º–µ—à–∫–∞–Ω—Ü—ñ–≤ –û–±—É—Ö—ñ–≤—Å—å–∫–æ—ó —Ç–µ—Ä–∏—Ç–æ—Ä—ñ–∞–ª—å–Ω–æ—ó –≥—Ä–æ–º–∞–¥–∏.,15227,#,#,3 hours
–ù–û–í–û–°–¢–ò 18+,–°–æ—Ç—Ä—É–¥–Ω–∏—á–µ—Å—Ç–≤–æ @V_O_R_O_B_E_Y,15195,#,#,2 days
üö®–ß–ü - –õ–∞–∑–∞—Ä–µ–≤—Å–∫–æ–µ / –°–æ—á–∏,–ü–æ –≤–æ–ø—Ä–æ—Å–∞–º —Ä–µ–∫–ª–∞–º—ã –ø–∏—à–∏—Ç–µ —Å—é–¥–∞ @Lazarevskoe_Admin,15174,#,#,69 min
–°–µ–ª—å—Ö–æ–∑ –∏ –∞–≥—Ä–æ–ø—Ä–æ–º,–°–µ–ª—å—Ö–æ–∑ –∏ –ê–≥—Ä–æ–ø—Ä–æ–º –°–µ–ª—å—Å–∫–æ–µ —Ö–æ–∑—è–π—Å—Ç–≤–æ –†–æ—Å—Å–∏–∏ –ü–∏—â–µ–≤–∞—è –ø—Ä–æ–º—ã—à–ª–µ–Ω–Ω–æ—Å—Ç—å –†–æ—Å—Å–∏–∏ –ö–§–•,15138,#,#,2 hours
–ß–∞—Ç –∂–∏—Ç–µ–ª–µ–π –î–µ—Ä–±–µ–Ω—Ç,–î–µ—Ä–±–µ–Ω—Ç—Å–∫–æ–µ —Å–æ–æ–±—â–µ—Å—Ç–≤–æ.,15018,#,#,45 min
–ö–∏—ó–≤ | –£–∫—Ä–∞—ó–Ω—Å—å–∫–∞ –í–æ–ª–æ–Ω—Ç–µ—Ä—Å—å–∫–∞ –°–ª—É–∂–±–∞,–¶–µ–π —á–∞—Ç —Å—Ç–≤–æ—Ä–µ–Ω–æ –£–∫—Ä–∞—ó–Ω—Å—å–∫–æ—é –í–æ–ª–æ–Ω—Ç–µ—Ä—Å—å–∫–æ—é –°–ª—É–∂–±–æ—é,15018,#,#,3 hours
–ß–∞—Ç Fontanka,–ï—Å—Ç—å –Ω–æ–≤–æ—Å—Ç—å? –ü–∏—à–∏ —Å—é–¥–∞ @fontanka_reporter_bot,14761,#,#,46 min
–¢–∏–ø–∏—á–∫–∞ –ß–∞—Ç –ö–æ–Ω—Å—Ç–∞–Ω—Ç–∏–Ω–æ–≤–∫–∞üá∫üá¶–ö–æ—Å—Ç—è–Ω—Ç–∏–Ω—ñ–≤–∫–∞,–ì–ª–∞–≤–Ω—ã–π —á–∞—Ç –≥–æ—Ä–æ–¥–∞,14739,#,#,54 min
–ü–ª–µ–Ω–Ω—ã–µ –ü–æ–≥–∏–±—à–∏–µ –∏ –ü—Ä–æ–ø–∞–≤—à–∏–µ –±–µ–∑–≤–µ—Å—Ç–∏ –ì–µ—Ä–æ–∏ –°–í–û,–ß–∞—Å—Ç–Ω–∞—è –∏–Ω–∏—Ü–∏–∞—Ç–∏–≤–∞ –æ—Ñ–∏—Ü–µ—Ä–∞ –±–µ–∑–æ–ø–∞—Å–Ω–æ—Å—Ç–∏ –ø–æ –ø–æ–∏—Å–∫—É –∏ –ø–æ–º–æ—â–∏ –≥–µ—Ä–æ—è–º –°–í–û. –°–≤—è–∑—å —Å–æ –º–Ω–æ—é @AlexDegtare,14611,#,#,3 hours
–ß–ü-–°–û–ß–ò,–ü–†–ï–î–õ–û–ñ–ò–¢–¨ –ù–û–í–û–°–¢–¨ –∏–ª–∏ –†–ï–ö–õ–ê–ú–£,14565,#,#,20 hours
–ó–∞ –ü–æ–±–µ–¥—É,–ü–æ–º–æ—â—å –∞—Ä–º–∏–∏ –†–§ @Olesia31z –æ–±—Ä–∞—Ç–Ω–∞—è —Å–≤—è–∑—å,14324,#,#,2 hours
–ö–∞–∑–∞–Ω—å,,14253,#,#,3 hours
–ö–∞–∑–∞–Ω—å News,–†–µ–∫–ª–∞–º–∞ –≤ –≥—Ä—É–ø–ø–µ @Natashamx,14116,#,#,29 hours
–ß–∞—Ç –ò–Ω—Ü–∏–¥–µ–Ω—Ç –ö—É–∑–±–∞—Å—Å,–°—Å—ã–ª–∫–∞ –Ω–∞ –≥—Ä—É–ø–ø—É –ò–ö https://t.me/+sbG3vCGOLngzMjhi,13957,#,#,52 min
–ü–µ—Ä–µ—Å–µ–ª–µ–Ω—Ü—ã –î–Ω–µ–ø—Ä,"–ì—Ä—É–ø–ø–∞ —Å–æ–∑–¥–∞–Ω–∞ –¥–ª—è –ª—é–¥–µ–π, –∫–æ—Ç–æ—Ä—ã–µ –≤—ã–Ω—É–∂–¥–µ–Ω–Ω–æ —Å—Ç–∞–ª–∏ –ø–µ—Ä–µ—Å–µ–ª–µ–Ω—Ü–∞–º–∏.",13795,#,#,53 min
–ù–æ–≤–æ—Å—Ç–∏ –ö–∞–∑–∞–Ω–∏,–†–µ–∫–ª–∞–º–∞ –≤ –≥—Ä—É–ø–ø–µ @Natashamx1,13569,#,#,43 min
–í–æ—Å–∫—Ä–µ—Å–µ–Ω—Å–∫ –û–Ω–ª–∞–π–Ω,–ß—Ç–æ–±—ã –≤–∞—Å –ø—Ä–∏–Ω—è–ª–∏ –≤ —ç—Ç—É –≥—Ä—É–ø–ø—É –Ω–∞–¥–æ —Å–Ω–∞—á–∞–ª–∞ –æ–±—è–∑–∞—Ç–µ–ª—å–Ω–æ –ø–æ–¥–ø–∏—Å–∞—Ç—å—Å—è –Ω–∞ –∫–∞–Ω–∞–ª @vskonline,13483,#,#,51 min
–ù–ê–î–ó–û–† UAüá∫üá¶-–•–ê–†–¨–ö–û–í,–ü–û–ú–û–ì–ò–¢–ï –ù–ê–î–ó–û–†-–•–ê–†–¨–ö–û–í,13424,#,#,16 hours
–ö–∞–∑–∞–Ω—å –Ω–æ–≤–æ—Å—Ç–∏ –¥–Ω—è,–†–µ–∫–ª–∞–º–∞ –≤ –≥—Ä—É–ø–ø–µ @Natashamx1,13202,#,#,3 hours
–¢—Ä—ç—à Chat –£–ª—å—è–Ω–æ–≤—Å–∫ –∏ –£–û,–ü—Ä–∏—Å–ª–∞—Ç—å –Ω–æ–≤–æ—Å—Ç—å –±–æ—Ç—É - @trash73_bot,13054,#,#,48 min
ReadovChat,–ß–∞—Ç –†–∏–¥–æ–≤–∫–∏ @readovkanews,12891,#,#,48 min
–ú—É–∫–∞—á–µ–≤–æ Newsüóû‚åöÔ∏èüèòüèî‚òïÔ∏èüå§,–∞–¥–º—ñ–Ω @angelina_rek,12783,#,#,4 hours
–õ—É–≥–∞–Ω—Å–∫&–°–æ–±—ã—Ç–∏—è,"–í –Ω–∞—à–µ–π –≥—Ä—É–ø–ø–µ –¥–µ–ª–∏–º—Å—è –Ω–æ–≤–æ—Å—Ç—è–º–∏,  –æ–±—Å—Ç–∞–Ω–æ–≤–∫–æ–π –≤ –õ—É–≥–∞–Ω—Å–∫–µ                                                       –°–≤—è–∑—å —Å –∞–¥–º–∏–Ω–æ–º: Ô∏è  @luganskGroup_bot",12740,#,#,54 min
–ë—ñ–ª–∞ –¶–µ—Ä–∫–≤–∞ –Ü–Ω—Ñ–æüóû‚åöÔ∏è‚òïÔ∏èüå§,–∞–¥–º—ñ–Ω @angelina_rek,12684,#,#,4 hours
–ñ–∏—Ç–æ–º–∏—Ä —á–∞—Ç | –ü–ñ –∫–∞–Ω–∞–ª—É,https://t.me/pzhytomyr,12647,#,#,60 min
–ö–∞–º'—è–Ω—Å—å–∫–µ Liveüóû‚åöÔ∏è‚òïÔ∏èüå§,–∞–¥–º—ñ–Ω @angelina_rek,12607,#,#,4 hours
–£–∂–≥–æ—Ä–æ–¥ üóû‚åöÔ∏èüèî‚òïÔ∏èüå§,–∞–¥–º—ñ–Ω @angelina_rek,12556,#,#,4 hours
VinTime –í—ñ–Ω–Ω–∏—Ü—è,"–û—Ñ—ñ—Ü—ñ–π–Ω–∞ —Ç–µ–ª–µ–≥—Ä–∞–º-–≥—Ä—É–ø–∞ –Ω–æ–≤–∏–Ω–Ω–æ–≥–æ —Ä–µ—Å—É—Ä—Å—É –í—ñ–Ω–Ω–∏—á—á–∏–Ω–∏ - –≥–∞–∑–µ—Ç–∏ ""VinTime""",12545,#,#,2 hours
–í—è—á–µ—Å–ª–∞–≤ –ö–≤–æ–Ω Chat,"–î—Ä—É–∑—å—è, –ø—Ä–∏–≤–µ—Ç—Å—Ç–≤—É—é –≤—Å–µ—Ö –≤ –º–æ–µ–º —á–∞—Ç–µ! –ó–¥–µ—Å—å —É –≤–∞—Å –µ—Å—Ç—å –≤–æ–∑–º–æ–∂–Ω–æ—Å—Ç—å –æ—Å—Ç–∞–≤–∏—Ç—å –∫–æ–º–º–µ–Ω—Ç–∞—Ä–∏–π –∏–ª–∏ –∑–∞–¥–∞—Ç—å –≤–æ–ª–Ω—É—é—â–∏–µ –≤–∞—Å –≤–æ–ø—Ä–æ—Å—ã –æ –∂–∏–∑–Ω–∏ –≤ –ê—Ä—Ç—ë–º–µ, –ø–ª–∞–Ω–∞—Ö –∏–ª–∏ –Ω–∞—à–µ–π —Ä–∞–±–æ—Ç–µ. –ù–∞–¥–µ—é—Å—å –Ω–∞ –∫–æ–Ω—Å—Ç—Ä—É–∫—Ç–∏–≤–Ω—ã–π –¥–∏–∞–ª–æ–≥ –∏ —ç—Ñ—Ñ–µ–∫—Ç–∏–≤–Ω—É—é –æ–±—Ä–∞—Ç–Ω—É—é —Å–≤—è–∑—å",12513,#,#,47 min
–†–û–ë–û–¢–ê –ü–û–õ–¢–ê–í–ê!üá∫üá¶,–ó–≤'—è–∑–æ–∫ –∑ –∞–¥–º—ñ–Ω–æ–º  @Adm1nUA,12492,#,#,2 hours
Mylubertsy¬ÆÔ∏è –ß–∞—Ç ‚Ä¢ –õ—é–±–µ—Ä—Ü—ã,–ì–ª–∞–≤–Ω—ã–π —á–∞—Ç –≥–æ—Ä–æ–¥–∞ –õ—é–±–µ—Ä—Ü—ã,12303,#,#,53 min
–ü–æ–¥—Å–ª—É—à–∞–Ω–æ –ß–∞—Ç,"–ß–∞—Ç –∫–∞–Ω–∞–ª–∞ ""–ü–æ–¥—Å–ª—É—à–∞–Ω–æ""",12240,#,#,51 min
–õ—é–±–µ—Ä—Ü—ã 24,"–õ—é–±–µ—Ä—Ü—ã –ª—é–±–∏–º—ã–π –≥–æ—Ä–æ–¥, —Ç—É—Ç –í—ã –Ω–∞–π–¥—ë—Ç–µ –≤—Å–µ–≥–¥–∞ —Å–≤–µ–∂–∏–µ –Ω–æ–≤–æ—Å—Ç–∏ –∏ –Ω–µ–º–Ω–æ–∂–∫–æ —é–º–æ—Ä–∞!",12219,#,#,4 hours
–°–æ—á–∏-–ê–¥–ª–µ—Ä –∫–∞–Ω–∞–ª - (it –¥–æ–ª–∏–Ω–∞),"–ö–∞–Ω–∞–ª —Ç–≤–æ—Ä—á–µ—Å–∫–∏–π –ø–æ—Ç–µ–Ω—Ü–∏–∞–ª ! –¥–ª—è –≤—ã—Å–∫–∞–∑—ã–≤–∞–Ω–∏—è –º—ã—Å–ª–µ–π, –ø–æ–∏—Å–∫–∞ –µ–¥–∏–Ω–æ–º—ã—à–ª–µ–Ω–Ω–∏–∫–æ–≤, –≤–æ–ª–æ–Ω—Ç–µ—Ä–æ–≤ –∏ –ø—Ä–æ—Å—Ç–æ —Ö–æ—Ä–æ—à–∏—Ö –ª—é–¥–µ–π) —Å–≤–µ—Ç–ª—ã–µ –∏–¥–µ–∏ –ø—Ä–∏–≤–µ—Ç—Å—Ç–≤—É—é—Ç—Å—è IT –î–æ–ª–∏–Ω–∞ –†–æ—Å—Å–∏–∏.",12149,#,#,3 hours
"–ó–ê–ü–û–õ–Ø–†–ù–ê–Ø - –ñ–ö –°–ª–∞–≤—è–Ω–∫–∞, –ñ–ö –Ω–∞ –ö—Ä–∞—Å–Ω—ã—Ö –ü–∞—Ä—Ç–∏–∑–∞–Ω, –ñ–ö –°—Ç—É–¥–∏—è 45, –ö–†–ê–°–ù–û–î–ê–†",‚Äç‚Äç‚Äç –ß–∞—Ç —Å–æ—Å–µ–¥–µ–π –Ω–∞ —É–ª. –ó–ê–ü–û–õ–Ø–†–ù–ê–Ø,11880,#,#,72 min
Gulag Chat,,11874,#,#,45 min
57 –•–∞—Ä—å–∫–æ–≤: –•–æ–ª–æ–¥–Ω–∞—è –ì–æ—Ä–∞ üá∫üá¶ –ó–∞–ª—é—Ç–∏–Ω–æ üá∫üá¶–ù–æ–≤–∞—è –ë–∞–≤–∞—Ä–∏—è üá∫üá¶ –¶–µ–Ω—Ç—Ä–∞–ª—å–Ω—ã–π —Ä—ã–Ω–æ–∫ üá∫üá¶ –Æ–ñ–î üá∫üá¶ –ò–≤–∞–Ω–æ–≤–∫–∞ üá∫üá¶ –°–æ—Ä—Ç–∏—Ä–æ–≤–∫–∞ üá∫üá¶,–í–∞—Å –ø—Ä–∏–≤–µ—Ç—Å—Ç–≤—É–µ—Ç –¥–µ–º–æ–∫—Ä–∞—Ç–∏—á–Ω—ã–π —á–∞—Ç,11857,#,#,62 min
–°–ª–æ–≤'—è–Ω—Å—å–∫ –°—å–æ–≥–æ–¥–Ω—ñüóû‚åöÔ∏èüåÜüèòüè´üèî‚òïÔ∏èüå§,–∞–¥–º—ñ–Ω @angelina_rek,11781,#,#,22 days
–ú–∞—Ä–∏—É–ø–æ–ª—å –õ–µ–≤–æ–±–µ—Ä–µ–∂–Ω—ã–π,–§–æ—Ç–æ—á–∫–∏ –ø—Ä–∏—Å—ã–ª–∞–π—Ç–µ:,11728,#,#,19 hours
–ñ–ö –ò–º–ø–µ—Ä–∞—Ç–æ—Ä—Å–∫–∏–µ –ú—ã—Ç–∏—â–∏,"–ß–∞—Ç –§–æ—Ä—É–º –¥–æ–ª—å—â–∏–∫–æ–≤, —Å–æ—Å–µ–¥–µ–π –ñ–ö –ò–º–ø–µ—Ä–∞—Ç–æ—Ä—Å–∫–∏–µ –ú—ã—Ç–∏—â–∏. –û—Ç–∑—ã–≤—ã –æ –ñ–ö. –ù–µ–∑–∞–≤–∏—Å–∏–º–∞—è –≥—Ä—É–ø–ø–∞.",11704,#,#,45 min
–ö—Ä–µ–º–µ–Ω—á—É–∫ LiFEüóû‚åöÔ∏èüèò‚òïÔ∏èüå§,–∞–¥–º—ñ–Ω @angelina_rek,11611,#,#,2 hours
–ß–∞—Ç –°–≤–µ—Ç38,,11579,#,#,51 min
–ê–ì–°_–†—É—Å—Å–∫–æ–≥–æ_–î–æ–Ω–±–∞—Å—Å–∞ Chat,–û–±—â–∞–µ–º—Å—è –∏ —Å–æ–æ–±—â–∞–µ–º –æ–±—Å—Ç–∞–Ω–æ–≤–∫—É –ø–æ –õ–î–ù–†,11467,#,#,58 min
–ë—ñ–ª–æ–≥–æ—Ä–æ–¥—Å—å–∫–∞ —Ç–µ—Ä–∏—Ç–æ—Ä—ñ–∞–ª—å–Ω–∞ –≥—Ä–æ–º–∞–¥–∞,–ö–æ—Ä–∏—Å–Ω—ñ —ñ–Ω—Ñ–æ—Ä–º–∞—Ü—ñ–π–Ω—ñ —Å–µ—Ä–≤—ñ—Å–∏ –≥—Ä–æ–º–∞–¥–∏:,11458,#,#,2 hours
–ü–ì–¢ –ì–æ–ª—É–±–æ–µ,"–†–µ–∫–ª–∞–º–∞, –ø—Ä–æ–¥–∞–∂–∏ -  (—Ç–æ–ª—å–∫–æ –≤ —Å–æ–æ—Ç–≤–µ—Ç—Å—Ç–≤—É—é—â–µ–º —Ä–∞–∑–¥–µ–ª–µ)",11285,#,#,49 min
–ì–æ—Ä–æ–¥ –°—Ç–∞—Ö–∞–Ω–æ–≤. –ß–ê–¢,–ù–∞—Å—Ç–æ—è—Ç–µ–ª—å–Ω–æ —Ä–µ–∫–æ–º–µ–Ω–¥—É–µ–º –æ–∑–Ω–∞–∫–æ–º–∏—Ç—å—Å—è —Å –ø—Ä–∞–≤–∏–ª–∞–º–∏ –≥—Ä—É–ø–ø—ã –ø–æ –∫–æ–º–∞–Ω–¥–µ /rules,11257,#,#,51 min
–†–∞–π–æ–Ω—ã –õ—É–≥–∞–Ω—Å–∫–∞,,11241,#,#,2 hours
–ê–•–£–Ñ–ù–ù–ò–ô –ß–ê–¢ üêè üí®,–ó–ê–ë–û–†–û–ù–ï–ù–û –í –ê–ß:,11214,#,#,68 min
–°–∏—Ç—É–∞—Ü–∏—è –Ω–∞ –±–ª–æ–∫–ø–æ—Å—Ç–∞—Ö –î–æ–Ω–±–∞—Å—Å–∞,–°–∏—Ç—É–∞—Ü–∏—è –Ω–∞ –±–ª–æ–∫–ø–æ—Å—Ç–∞—Ö —Å–µ–≥–æ–¥–Ω—è,11205,#,#,54 min
"–í–∑–∞—î–º–æ–¥–æ–ø–æ–º–æ–≥–∞ üö® 7:40 –û–¥–µ—Å–∞ / –ë–§ ""–¢—Ä–∏–º–∞–π""","–ß–∞—Ç –¥–ª—è –∫–æ–æ—Ä–¥–∏–Ω–∞—Ü—ñ—ó –ª—é–¥–µ–π, —è–∫—ñ –±–∞–∂–∞—é—Ç—å –¥–æ–ø–æ–º–æ–≥—Ç–∏, —Ç–∞ —Ç–∏—Ö, —Ö—Ç–æ –ø–æ—Ç—Ä–µ–±—É—î –¥–æ–ø–æ–º–æ–≥–∏",11136,#,#,53 min
–ß–ü –î–º–∏—Ç—Ä–æ–≤ / –û–ø–µ—Ä–∞—Ç–∏–≤–Ω—ã–π —á–∞—Ç,–¢–æ–ª—å–∫–æ –ª—É—á—à–∏–µ –∏–∑ –ª—É—á—à–∏—Ö,11060,#,#,10 min
–®–¢–û–†–ú Z/–®–¢–û–†–ú V/–ú–û–ë–ò–ö –í–ê–ñ–ù–û–ï,@vswarvs - –û—Å–Ω–æ–≤–Ω–∞—è –≥—Ä—É–ø–ø–∞ —Å –∏–Ω—Ñ–æ–π,10944,#,#,74 min
–ú–æ—Å–∫–≤–∞ || –ê—Ñ–∏—à–∞ –î—É—Ö–æ–≤–Ω—ã—Ö –ø—Ä–∞–∫—Ç–∏–∫,–ü–æ –≤—Å–µ–º –≤–æ–ø—Ä–æ—Å–∞–º —Ä–∞–∑–º–µ—â–µ–Ω–∏—è –ø–∏—Å–∞—Ç—å –∞–¥–º–∏–Ω—É @eliz_mngr,10936,#,#,2 days
–ß–∞—Ç - –ò–Ω—Ñ–æ—Ä–º–∞—Ü–∏–æ–Ω–Ω—ã–π —Ü–µ–Ω—Ç—Ä –°–ö –†–æ—Å—Å–∏–∏,,10921,#,#,49 min
üü® –ß–ê–¢ –ö–ê–ú–ï–ù–°–ö–û–ï üü®,,10881,#,#,67 min
–õ–ò–ù–ö–û –§–û–†–£–ú –õ–∞–±–æ—Ä–∞—Ç–æ—Ä–∏–∏ –ê–∫–∫—Ä–µ–¥–∏—Ç–∞—Ü–∏—è,–ü–ª–∞—Ç—Ñ–æ—Ä–º–∞ –¥–ª—è –ª–∞–±–æ—Ä–∞—Ç–æ—Ä–∏–π. –ê–∫–∫—Ä–µ–¥–∏—Ç–∞—Ü–∏—è –ª–∞–±–æ—Ä–∞—Ç–æ—Ä–∏–π. –í–æ–ø—Ä–æ—Å—ã –¥–µ—è—Ç–µ–ª—å–Ω–æ—Å—Ç–∏ –ª–∞–±–æ—Ä–∞—Ç–æ—Ä–∏–π. https://linqo.ru,10788,#,#,48 min
–ß–ê–¢ –ñ–ö –í–ï–†–ï–°–ê–ï–í–û,–ü–æ –í–°–ï–ú –≤–æ–ø—Ä–æ—Å–∞–º –ø–∏—Å–∞—Ç—å —Å—é–¥–∞ ‚§µÔ∏è,10787,#,#,76 min
–ö–ª–∏–ΩZ–¥–µ—Å—å,"–ß–∞—Ç —Å–æ–∑–¥–∞–Ω –ø–æ –∏–Ω–∏—Ü–∏–∞—Ç–∏–≤–µ –ê–¥–º–∏–Ω–∏—Å—Ç—Ä–∞—Ü–∏–∏ –≥–æ—Ä–æ–¥—Å–∫–æ–≥–æ –æ–∫—Ä—É–≥–∞ –ö–ª–∏–Ω –ú–æ—Å–∫–æ–≤—Å–∫–æ–π –æ–±–ª–∞—Å—Ç–∏ –¥–ª—è –æ–ø–µ—Ä–∞—Ç–∏–≤–Ω–æ–π –∫–æ–º–º—É–Ω–∏–∫–∞—Ü–∏–∏ –∂–∏—Ç–µ–ª–µ–π —Å –ø—Ä–µ–¥—Å—Ç–∞–≤–∏—Ç–µ–ª—è–º–∏ –æ—Ä–≥–∞–Ω–æ–≤ –º–µ—Å—Ç–Ω–æ–≥–æ —Å–∞–º–æ—É–ø—Ä–∞–≤–ª–µ–Ω–∏—è –∏ –ø–æ–º–æ—â–∏ –≤ —Ä–µ—à–µ–Ω–∏–∏ –≤–æ–ø—Ä–æ—Å–æ–≤, –Ω–∞—Ö–æ–¥—è—â–∏—Ö—Å—è –≤ –∫–æ–º–ø–µ—Ç–µ–Ω—Ü–∏–∏ –ê–¥–º–∏–Ω–∏—Å—Ç—Ä–∞—Ü–∏–∏.",10675,#,#,46 min
–ß–µ—Ä–Ω–æ–º–æ—Ä—Å–∫–∏–π —á–∞—Ç üá∫üá¶,–ß–∞—Ç –¥–ª—è –∂–∏—Ç–µ–ª–µ–π –≥–æ—Ä–æ–¥–∞ –ß–µ—Ä–Ω–æ–º–æ—Ä—Å–∫.,10564,#,#,56 min
–Æ–ì TRAVEL üèñÔ∏è Chat,"–ß–∞—Ç –∫–∞–Ω–∞–ª–∞ @Yug_Travel , —Ä–µ–∫–ª–∞–º–∞ –∑–∞–ø—Ä–µ—â–µ–Ω–∞.",10558,#,#,2 hours
57 –•–∞—Ä—å–∫–æ–≤: –•–¢–ó üá∫üá¶ –†–æ–≥–∞–Ω—å üá∫üá¶ –ù–µ–º—ã—à–ª—è üá∫üá¶ –í–æ—Å—Ç–æ—á–Ω—ã–π üá∫üá¶ –ì–æ—Ä–∏–∑–æ–Ω—Ç üá∫üá¶ –î–æ–∫—É—á–∞–µ–≤—Å–∫–æ–µ üá∫üá¶ –•—Ä–æ–ª—ã üá∫üá¶,–í–∞—Å –ø—Ä–∏–≤–µ—Ç—Å—Ç–≤—É–µ—Ç –¥–µ–º–æ–∫—Ä–∞—Ç–∏—á–Ω—ã–π —á–∞—Ç,10498,#,#,60 min
–£–º–∞–Ω—å Newsüóû‚åöÔ∏è‚òïÔ∏èüå§,–∞–¥–º—ñ–Ω @angelina_rek,10399,#,#,4 hours
–õ—é–¥–∏ Z Online,"–ß–∞—Ç –¥–ª—è —Ä–∞–∑–≥–æ–≤–æ—Ä–æ–≤ –æ–± –∞–∫—Ç—É–∞–ª—å–Ω–æ–º. –£–≤–∞–∂–∞–µ–º –¥—Ä—É–≥ –¥—Ä—É–≥–∞. –ù–µ –º–∞—Ç–µ—Ä–∏–º—Å—è –∏ –Ω–µ –≤–µ–¥—ë–º—Å—è –Ω–∞ –ø—Ä–æ–≤–æ–∫–∞—Ü–∏–∏ —É–∫—Ä–æ–±–æ—Ç–æ–≤. –ï—Å—Ç—å –≤–æ–∑–º–æ–∂–Ω–æ—Å—Ç—å –≤—ã—Å–∫–∞–∑–∞—Ç—å—Å—è, –Ω–æ –Ω–µ –æ—Å–∫–æ—Ä–±–ª—è—Ç—å. –°—Å—ã–ª–∫–∏ –Ω–∞ –¥—Ä—É–≥–∏–µ –∏—Å—Ç–æ—á–Ω–∏–∫–∏ –Ω–µ—â–∞–¥–Ω–æ —É–¥–∞–ª—è–µ–º —Ä–∞–¥–∏ –±–µ–∑–æ–ø–∞—Å–Ω–æ—Å—Ç–∏",10258,#,#,44 min
–í–æ–ª–Ω–æ–≤–∞—Ö–∞|–ù–æ–≤–æ—Å—Ç–∏|–û–±—Å—Ç–∞–Ω–æ–≤–∫–∞,–ê–∫—Ç—É–∞–ª—å–Ω–∞—è –∏–Ω—Ñ–æ—Ä–º–∞—Ü–∏—è –ø–æ –í–æ–ª–Ω–æ–≤–∞—Ö—Å–∫–æ–º—É –æ–∫—Ä—É–≥—É.,10232,#,#,95 min
–ü—Ä–æ—Å–ø–µ–∫—Ç –ü–æ–±–µ–¥—ã-–ê–ª–µ–∫—Å–µ–µ–≤–∫–∞,–ü—Ä–∞–≤–∏–ª–∞ —á–∞—Ç–∞ –∏ –í–ê–ñ–ù–û–ï –≤ –∑–∞–∫—Ä–µ–ø–ª—ë–Ω–Ω—ã—Ö —Å–æ–æ–±—â–µ–Ω–∏—è—Ö.,10160,#,#,58 min
–öÕü—ÄÕü—ãÕü–ºÕü–∏Õü–ΩÕü—ÑÕü–æÕü—ÄÕü—ÉÕü–ºÕüüáø –ßÃæ–êÃæ–¢Ãæ‚òïÔ∏èÔ∏é‚úçÔ∏èÔ∏éüó£,–°–∞–º—ã–π –±–æ–ª—å—à–æ–π –ö—Ä—ã–º—Å–∫–∏–π —á–∞—Ç - —Ñ–æ—Ä—É–º!,10157,#,#,43 min
–°–∞–Ω–∫—Ç-–ü–µ—Ç–µ—Ä–±—É—Ä–≥ / –û–±—â–µ–Ω–∏–µ,"–û–±—â–µ–Ω–∏–µ, –æ–±—Å—É–∂–¥–µ–Ω–∏–µ –∑–∞–∫–æ–Ω–æ–≤ –∏ –º–µ—Ä–æ–ø—Ä–∏—è—Ç–∏–π –≥–æ—Ä–æ–¥–∞.",10141,#,#,45 min
–°–∞–ª–º–∞—á–∏ - –ö—É—é–∫–∏ | –ß–∞—Ç,–û–±—â–∞—è –≥—Ä—É–ø–ø–∞ –¥.–ö—É—é–∫–∏ –∏ –ø.–°–∞–ª–º–∞—á–∏ –∏ –±–ª–∏–∑–ª–µ–∂–∞—â–∏—Ö –ø–æ—Å—ë–ª–∫–æ–≤ –∏ –ñ–ö.,10082,#,#,47 min
County Kerry Kingdom of Munster üá∫üá¶ üáÆüá™County Cork,"–í—Å–µ–º –ø—Ä–∏–≤–µ—Ç ,–≥—Ä—É–ø–ø–∞ –û–±–º–µ–Ω ,–ø—Ä–æ–¥–∞–∂–∞,–ø–æ–∫—É–ø–∫–∞,–æ–±—Å—É–∂–¥–µ–Ω–∏–µ —Ç–µ–º –∏ –Ω–æ–≤–æ—Å—Ç–µ–π!https://t.me/KerryIreland",10003,#,#,95 min
–ù–æ–≥–∏–Ω—Å–∫ –ë–æ–≥–æ—Ä–æ–¥—Å–∫,–ó–¥—Ä–∞–≤—Å—Ç–≤—É–π—Ç–µ –¥–æ—Ä–æ–≥–∏–µ –ñ–∏—Ç–µ–ª–∏ –∏ –≥–æ—Å—Ç–∏ –ø—Ä–µ–∫—Ä–∞—Å–Ω–æ–≥–æ –ë–æ–≥–æ—Ä–æ–¥—Å–∫–æ–≥–æ –æ–∫—Ä—É–≥–∞ .,10002,#,#,2 hours
–ì–æ—Ä–æ–¥—Å–∫–æ–π –ß–∞—Ç NorilskToday 18+,–°–∞–º—ã–π –∫—Ä—É–ø–Ω—ã–π —á–∞—Ç –ù–æ—Ä–∏–ª—å—Å–∫–∞!–¢–æ–ª—å–∫–æ –¥–ª—è –∂–∏—Ç–µ–ª–µ–π 18+,9995,#,#,49 min
–Ø ‚ù§Ô∏è –ü–æ–¥–æ–ª—å—Å–∫ —á–∞—Ç,–ü–æ —Ä–µ–∫–ª–∞–º–µ  @Sofia_Reklama,9973,#,#,47 min
–ë–ï–†–î–Ø–ù–°–ö –û–ù–õ–ê–ô–ù,–î–æ–±—Ä–æ –ø–æ–∂–∞–ª–æ–≤–∞—Ç—å –≤ –ë–µ—Ä–¥—è–Ω—Å–∫! –ì–æ—Ä–æ–¥ –∫—É—Ä–æ—Ä—Ç –Ω–∞ –±–µ—Ä–µ–≥—É –ê–∑–æ–≤—Å–∫–æ–≥–æ –º–æ—Ä—è.,9956,#,#,46 min
–ü–æ–∫—Ä–æ–≤—Å–∫–∏–π —Ä–∞–π–æ–Ω üîπ–ß–ê–¢üîπ –ü–æ–∫—Ä–æ–≤—Å–∫ üîπ –ú–∏—Ä–Ω–æ–≥—Ä–∞–¥ üîπ –î–æ–±—Ä–æ–ø–æ–ª—å–µ,–ß–∞—Ç –ü–æ–∫—Ä–æ–≤—Å–∫–æ–≥–æ —Ä–∞–π–æ–Ω–∞,9929,#,#,69 min
–î–æ–Ω–µ—Ü–∫–∏–π —á–∞—Ç,–ö–ê–ù–ê–õ: @etodonetsk,9852,#,#,52 min
–ß–∞—Ç –≥–æ—Ä–æ–¥–∞ –í–∏–¥–Ω–æ–µ,"–ß–∞—Ç –≥–æ—Ä–æ–¥–∞ –í–∏–¥–Ω–æ–µ, –õ–µ–Ω–∏–Ω—Å–∫–æ–≥–æ —Ä–∞–π–æ–Ω–∞",9838,#,#,45 min
–ì–µ–Ω–∏—á–µ—Å–∫ –≤ –¢–µ–º–µ,,9805,#,#,64 min
–ö—Ä–∞—Å–Ω–æ–≥–æ—Ä—Å–∫ –ß–∞—Ç,–ü–æ —Ä–µ–∫–ª–∞–º–µ   @mrs_kunda,9795,#,#,43 min
–°–æ–ª–Ω—Ü–µ–≤–æ –æ–Ω–ª–∞–π–Ω –ß–∞—Ç,–ß–∞—Ç–∏–∫ solncevo_online,9725,#,#,46 min
–ú—ñ–π –ü–∞–≤–ª–æ–≥—Ä–∞–¥üóû‚åöÔ∏è‚òïÔ∏èüå§,–∞–¥–º—ñ–Ω @angelina_rek,9690,#,#,4 hours
–ù–∞–≥–∞–µ–≤–æ.–∏–Ω—Ñ–æ,–ß–∞—Ç—ã -  https://telegra.ph/Spisok-chatov-10-05,9599,#,#,53 min
–ù—å—é—Å–∞—á/–î–≤–∞—á - —Ä–µ–¥–∞–∫—Ü–∏—è,–ù–æ–≤–æ—Å—Ç–∏,9547,#,#,46 min
–ù–∞—à –ö–ª–∏–º–æ–≤—Å–∫,–í —á–∞—Ç–µ –ø—Ä–∏—Å—É—Ç—Å—Ç–≤—É—é—Ç –ø—Ä–µ–¥—Å—Ç–∞–≤–∏—Ç–µ–ª–∏ –∞–¥–º–∏–Ω–∏—Å—Ç—Ä–∞—Ü–∏–∏ –≥.–æ. –ü–æ–¥–æ–ª—å—Å–∫ –∏ –ø—Ä–∞–≤–∏—Ç–µ–ª—å—Å—Ç–≤–∞ –ú–æ—Å–∫–æ–≤—Å–∫–æ–π –æ–±–ª–∞—Å—Ç–∏.,9352,#,#,48 min
–Ø–º–µ–Ω—Å–∫–æ–≤ –ê–ª–µ–∫—Å–∞–Ω–¥—Ä –ò–≤–∞–Ω–æ–≤–∏—á | –ó–∞–º–µ—Å—Ç–∏—Ç–µ–ª—å –≥–ª–∞–≤—ã –ù–æ–≤–æ—Ä–æ—Å—Å–∏–π—Å–∫–∞,,9347,#,#,32 days
üá∫üá¶–ë–†–û–í–ê–†–ò –ü–û–°–õ–£–ì–òüá∫üá¶,"–ë—Ä–æ–≤–∞—Ä–∏, –ë—Ä–æ–≤–∞—Ä—Å—å–∫–∏–π —Ä–∞–π–æ–Ω",9317,#,#,2 hours
–ß–∞—Ç –±–æ–ª—å—à–æ–π –≤–æ—Ä–æ–Ω–µ–∂—Å–∫–∏–π,–ü–æ–¥–µ–ª–∏—Ç—å—Å—è –Ω–æ–≤–æ—Å—Ç—å—é/—Å–≤—è–∑—å —Å –∞–¥–º–∏–Ω–æ–º: @FirstVoronezh_bot,9314,#,#,51 min
–ü–æ–¥—Å–ª—É—à–∞–Ω–æ | –í–∏–¥–Ω–æ–µ (–ß–∞—Ç),–ü–æ —Ä–µ–∫–ª–∞–º–µ   @mrs_kunda,9300,#,#,79 min
–ñ–ö –î–æ–º–∞—à–Ω–∏–π —á–∞—Ç,"–ß–∞—Ç –ñ–ö –î–æ–º–∞—à–Ω–∏–π: –≥.–ú–æ—Å–∫–≤–∞, —É–ª.–î–æ–Ω–µ—Ü–∫–∞—è.",9266,#,#,66 min
–°–û–õ–ò–ö–ê–ú–°–ö LIVE [—á–∞—Ç],–°—Å—ã–ª–∫—É –Ω–∞ —á–∞—Ç –æ—Ç–ø—Ä–∞–≤–ª—è–π—Ç–µ –¥—Ä—É–∑—å—è–º –∏–ª–∏ –≤–æ—Å–ø–æ–ª—å–∑—É–π—Ç–µ—Å—å —Ñ—É–Ω–∫—Ü–∏–µ–π ¬´–î–æ–±–∞–≤–∏—Ç—å —É—á–∞—Å—Ç–Ω–∏–∫–æ–≤¬ª,9259,#,#,41 min
–ö—Ä–∞—Å–Ω–æ–∑–Ω–∞–º–µ–Ω—Å–∫ üíñ –ß–∞—Ç,–†–µ–∫–ª–∞–º–∞ –≤ –≥—Ä—É–ø–ø–µ: @v_krasnoznamenske_ru,9191,#,#,45 min
TOPOR,–ß–∞—Ç –∑–∞–∫—Ä—ã—Ç. –ù–∞—à –æ—Å–Ω–æ–≤–Ω–æ–π –∫–∞–Ω–∞–ª ‚Äî https://t.me/+BwU7U4PI27k2OTNi,9175,#,#,15 hours
–ê—á–∏–Ω—Ü—ã,,9154,#,#,48 min
–ß–∞—Ç –ì–¥–∞–Ω—å—Å–∫/–ì–¥–∏–Ω—èüá∫üá¶Tr√≥jmiasto/Gda≈Ñsk/Gdynia/Sopot/–ì–¥—ã–Ω—è/–ì–¥–∞–Ω—Å—å–∫/“ê–¥–∞–Ω—Å—å–∫/–°–æ–ø–æ—Ç/–¢—Ä—É–π–º—è—Å—Ç–æ,–†–µ–∫–ª–∞–º–∞/–∫–æ–Ω—Ç–∞–∫—Ç: @trojmiasto_bot,9079,#,#,2 hours
–í–æ–ª–Ω–æ–≤–∞—Ö–∞ —ñ —Ä–∞–π–æ–Ω / –Ø ‚ù§Ô∏è –í–æ–ª–Ω–æ–≤–∞—Ö–∞,"@Volna_Contat_bot - –Ω–∞–ø–∏—Å–∞—Ç–∏ –∞–¥–º—ñ–Ω—É, –ø–æ–≤—ñ–¥–æ–º–∏—Ç–∏ —Ä–æ–∑—Ç–∞—à—É–≤–∞–Ω–Ω—è –æ–∫—É–ø–∞–Ω—Ç—ñ–≤ –í–æ–ª–Ω–æ–≤–∞—Å—å–∫—ñ–π –°–ë–£",9034,#,#,56 min
–ì–æ–ª–æ–≤–Ω–∏–π –ß–∞—Ç –ü–∞–≤–ª–æ–≥—Ä–∞–¥–∞ ü§î,–ó –ø—Ä–∞–≤–∏–ª–∞–º–∏ –Ω–∞—à–æ–≥–æ —á–∞—Ç—É –≤–∏ –º–æ–∂–µ—Ç–µ –æ–∑–Ω–∞–π–æ–º–∏—Ç–∏—Å—è –ø–µ—Ä–µ–π—à–æ–≤—à–∏ –∑–∞ –ø–æ—Å–∏–ª–∞–Ω–Ω—è–º:,8950,#,#,52 min
üá∫üá¶üá©üá™–£–∫—Ä–∞—ó–Ω—Ü—ñ –≤ –î—é—Å—Å–µ–ª—å–¥–æ—Ä—Ñ—ñ –ë—Ä–µ–º–µ–Ω—ñ,–†–µ–∫–ª–∞–º–∞ @rek111bot,8851,#,#,59 min
xydessa premium comments,"–ö–æ–º–º–µ–Ω—Ç–∞—Ä–∏–∏ –¥–æ—Å—Ç—É–ø–Ω—ã –ø–æ–ª—å–∑–æ–≤–∞—Ç–µ–ª—è–º Telegram Premium, –∫–æ—Ç–æ—Ä—ã–µ –ø—Ä–æ–≥–æ–ª–æ—Å–æ–≤–∞–ª–∏ –∑–∞ –∫–∞–Ω–∞–ª https://t.me/xydessa?boost",8719,#,#,51 min
–°–∏—Ç—É–∞—Ü—ñ—è –Ω–∞ –£–∫—Ä–∞—ó–Ω—ñ,,8589,#,#,2 days
–ú–æ—è –û–ª–µ–∫—Å–∞–Ω–¥—Ä—ñ—èüóû‚åöÔ∏è‚òïÔ∏èüå§,–∞–¥–º—ñ–Ω @angelina_rek,8414,#,#,4 hours
–ë–£–ö–û–í–ò–ù–°–¨–ö–ò–ô –ß–ê–¢ - –ß–ï–†–ù–Ü–í–¶–Ü - –ë–£–ö–û–í–ò–ù–ê!,–ß–∞—Ç –º—ñ—Å—Ç–∞ –ß–ï–†–ù–Ü–í–¶–Ü - 24/7,8360,#,#,49 min
–õ—å–≤—ñ–≤ | –£–∫—Ä–∞—ó–Ω—Å—å–∫–∞ –í–æ–ª–æ–Ω—Ç–µ—Ä—Å—å–∫–∞ –°–ª—É–∂–±–∞,–¶–µ–π —á–∞—Ç —Å—Ç–≤–æ—Ä–µ–Ω–æ –£–∫—Ä–∞—ó–Ω—Å—å–∫–æ—é –í–æ–ª–æ–Ω—Ç–µ—Ä—Å—å–∫–æ—é –°–ª—É–∂–±–æ—é,8303,#,#,2 hours
–®–æ—Å—Ç–∫–∞ Infoüóû‚åöÔ∏èüåÜ‚òïÔ∏èüå§,–∞–¥–º—ñ–Ω @angelina_rek,8130,#,#,4 hours
"–£–≥–ª–µ–¥–∞—Ä , –ü–∞–≤–ª–æ–≤–∫–∞ , –ù–∏–∫–æ–ª—å—Å–∫–æ–µ , –í–ª–∞–¥–∏–º–∏—Ä–æ–≤–∫–∞ üá∑üá∫ 18+",–ò–Ω—Ñ–æ—Ä–º–∞—Ü–∏–æ–Ω–Ω–∞—è –≥—Ä—É–ø–ø–∞,8058,#,#,2 hours
–ß–∞—Ç –º. –£–∫pa—ó–Ω–∫–∞,–ü–æ—Ä—É—à–µ–Ω–Ω—è - –±–∞–Ω,7966,#,#,48 min
–î–Ω–µ–ø—Ä —Å–≤–µ—Ç/–≤–æ–¥–∞,—á–∞—Ç –∫–∞–Ω–∞–ª–∞ https://t.me/avariycka,7925,#,#,55 min
–ñ–∞—à–∫—ñ–≤,–ü—Ä–∞–≤–∏–ª–∞ –≥—Ä—É–ø–∏: https://telegra.ph/Pravila-grupi-ZHashk%D1%96v-08-15,7909,#,#,54 min
–î–æ–ø–æ–º–æ–≥–∞ –õ—å–≤—ñ–≤,–ì—Ä—É–ø–ø–∞ –≤–∑–∞—î–º–æ–¥–æ–ø–æ–º–æ–≥–∏ –õ—å–≤–æ–≤–∞!,7824,#,#,3 hours
–ê–≥—Ä–æ –ß–∞—Ç (–ó–µ—Ä–Ω–æ/–ü–æ–∫—É–ø–∫–∞/–ü—Ä–æ–¥–∞–∂–∞),–°–ø–µ—Ü—Ç–µ—Ö–Ω–∏–∫–∞ –ß–∞—Ç (–ü—Ä–∏–≥–æ–Ω/–ü–æ–∫—É–ø–∫–∞/–ü—Ä–æ–¥–∞–∂–∞/–ö–æ–º–ø–ª–µ–∫—Ç—É—é—â–∏–µ),7801,#,#,49 min
–í–∑–∞—î–º–æ–ø–æ–º—ñ—á –ö—Ä–∏–≤–∏–π –†—ñ–≥,–û–≥–æ–ª–æ—à–µ–Ω–Ω—è –ø—Ä–∏—Å–∏–ª–∞—Ç–∏ –∞–¥–º—ñ–Ω—É –≤ –ø—Ä–∏–≤–∞—Ç–Ω—ñ –ø–æ–≤—ñ–¥–æ–º–ª–µ–Ω–Ω—è.,7617,#,#,59 min
–•–µ—Ä—Å–æ–Ω—Å–∫–∞—è –æ–±–ª–∞—Å—Ç—å —á–∞—Çüá∑üá∫,–î–µ–ª–∏—Ç–µ—Å—å –∏–Ω—Ñ–æ—Ä–º–∞—Ü–∏–µ–π –∏ —É–∑–Ω–∞–≤–∞–π—Ç–µ –∏–Ω—Ç–µ—Ä–µ—Å—É—é—â–µ–µ —É –º–µ—Å—Ç–Ω—ã—Ö –∂–∏—Ç–µ–ª–µ–π!,7541,#,#,51 min
–ú–∏–∫–æ–ª–∞—ó–≤–∫–∞ | –û–±–≥–æ–≤–æ—Ä–µ–Ω–Ω—è —ñ–Ω—Ñ–æ—Ä–º–∞—Ü—ñ—ó –ù–∏–∫–æ–ª–∞–µ–≤–∫–∞ | –û–±—Å—É–∂–¥–µ–Ω–∏–µ –∏–Ω—Ñ–æ—Ä–º–∞—Ü–∏–∏,"–ß–∞—Ç –º—ñ—Å—Ç–∞ –ú–∏–∫–æ–ª–∞—ó–≤–∫–∞, –ö—Ä–∞–º–∞—Ç–æ—Ä—Å—å–∫–æ–≥–æ —Ä–∞–π–æ–Ω—É, –î–æ–Ω–µ—Ü—å–∫–æ—ó –æ–±–ª–∞—Å—Ç—ñ.",7534,#,#,24 min
–ß–∞—Ç –•–∞—Ä—å–∫–æ–≤ üá∫üá¶,‚ÄºÔ∏è–ü—Ä–∞–≤–∏–ª–∞ –ß–∞—Ç—É‚ÄºÔ∏è,7504,#,#,71 min
–†–µ–∞–ª—å–Ω–∏–π –ù–æ–≤–æ–≤–æ–ª–∏–Ω—Å—å–∫,"–î—Ä—É–∑—ñ, –≤—ñ—Ç–∞—î–º–æ –í–∞—Å —É –≥—Ä—É–ø—ñ ¬´–†–µ–∞–ª—å–Ω–∏–π –ù–æ–≤–æ–≤–æ–ª–∏–Ω—Å—å–∫¬ª!",7454,#,#,3 hours
–ú–ò–†–ù–û–ì–†–ê–î / –ß–ê–¢ üá∫üá¶,–ù–∞—à—ñ —Å—Ç–æ—Ä—ñ–Ω–∫–∏  –≤ —ñ–Ω.—Å–æ—Ü.–º–µ—Ä–µ–∂–∞—Ö:,7208,#,#,55 min
–¢–∏–ø–∏—á–Ω—ã–π –ö—Ä–∞–º–∞—Ç–æ—Ä—Å–∫ | –ß–∞—Ç üí¨,–ß–∞—Ç –∫–∞–Ω–∞–ª–∞ –¢–∏–ø–∏—á–Ω—ã–π –ö—Ä–∞–º–∞—Ç–æ—Ä—Å–∫,7183,#,#,59 min
–¢–µ–∫—Å—Ç–∏–ª—å—â–∏–∫ –î–æ–Ω–µ—Ü–∫ –î–ù–† üá∑üá∫ [—á–∞—Çüí¨],"1Ô∏è‚É£-–π —Ä–∞–π–æ–Ω–Ω—ã–π, –∏–Ω—Ñ–æ—Ä–º–∞—Ü–∏–æ–Ω–Ω–æ-—Ä–∞–∑–≤–ª–µ–∫–∞—Ç–µ–ª—å–Ω—ã–π –ß–ê–¢  –≤–∑–∞–∏–º–æ–ø–æ–º–æ—â–∏, –æ–±—â–µ–Ω–∏—è –∏ —Ö–æ—Ä–æ—à–µ–≥–æ –Ω–∞—Å—Ç—Ä–æ–µ–Ω–∏—è –∂–∏—Ç–µ–ª–µ–π –º-–Ω–∞ –¢–µ–∫—Å—Ç–∏–ª—å—â–∏–∫, –ö–∏—Ä–æ–≤—Å–∫–æ–≥–æ —Ä-–Ω–∞ –≥. –î–æ–Ω–µ—Ü–∫–∞ ‚Äç‚Äç. –ß–∞—Ç —Å–æ–∑–¥–∞–Ω 26.01.2018 –≥.  –°–≤—è–∑—å —Å –∞–¥–º–∏–Ω–æ–º @Pochtasms_bot",6725,#,#,48 min
–ù—ñ–∫–æ–ø–æ–ª—å LIVEüóû‚åöÔ∏è‚òïÔ∏èüå§,–∞–¥–º—ñ–Ω @angelina_rek,6722,#,#,4 hours
–ë—Ä–æ–≤–∞—Ä–∏ Lifeüóû‚åöÔ∏è‚òïÔ∏è,–∞–¥–º—ñ–Ω @angelina_rek,6718,#,#,4 hours
GRAN FORO UKR 24,Foro de discusiones.,6658,#,#,55 min
